_Id,_UserId,_Name,_Date,_Class,_TagBased
25,9,Teacher,2016-01-12T20:26:43.607,3,False
37,16,Teacher,2016-01-12T21:01:51.573,3,False
38,26,Teacher,2016-01-12T21:01:51.573,3,False
39,60,Teacher,2016-01-12T21:01:51.573,3,False
47,20,Teacher,2016-01-12T21:35:29.053,3,False
48,43,Teacher,2016-01-12T21:35:29.053,3,False
60,1,Teacher,2016-01-12T22:20:53.780,3,False
61,10,Teacher,2016-01-12T22:20:53.780,3,False
79,127,Teacher,2016-01-12T23:53:37.053,3,False
82,119,Teacher,2016-01-13T00:29:03.237,3,False
112,163,Teacher,2016-01-13T07:53:40.487,3,False
117,174,Teacher,2016-01-13T09:57:30.850,3,False
128,138,Teacher,2016-01-13T14:03:43.273,3,False
134,2,Teacher,2016-01-13T15:31:18.260,3,False
141,61,Teacher,2016-01-13T16:42:49.233,3,False
151,131,Teacher,2016-01-13T20:20:41.063,3,False
152,156,Teacher,2016-01-13T20:20:41.063,3,False
165,47,Teacher,2016-01-14T08:21:33.440,3,False
180,11,Teacher,2016-01-15T00:30:57.510,3,False
183,107,Teacher,2016-01-15T01:56:40.660,3,False
189,63,Teacher,2016-01-15T17:26:13.140,3,False
223,115,Teacher,2016-01-28T17:32:05.303,3,False
229,40,Teacher,2016-01-29T22:53:31.717,3,False
246,66,Teacher,2016-02-04T08:50:46.823,3,False
253,98,Teacher,2016-02-08T23:06:47.793,3,False
285,265,Teacher,2016-03-26T12:47:58.633,3,False
293,298,Teacher,2016-04-12T18:04:07.470,3,False
322,1211,Teacher,2016-05-10T14:14:13.240,3,False
399,4927,Teacher,2016-11-24T21:10:58.890,3,False
407,4762,Teacher,2016-12-10T22:28:38.063,3,False
413,2146,Teacher,2016-12-16T07:57:07.603,3,False
417,334,Teacher,2016-12-19T15:31:04.270,3,False
494,7,Teacher,2017-02-12T09:21:27.567,3,False
522,5518,Teacher,2017-05-02T13:14:44.653,3,False
543,6417,Teacher,2017-06-06T00:41:01.980,3,False
569,8103,Teacher,2017-08-14T05:07:44.873,3,False
664,6853,Teacher,2018-02-04T20:25:27.200,3,False
722,9730,Teacher,2018-06-06T14:17:41.550,3,False
752,11242,Teacher,2018-07-05T22:30:21.307,3,False
762,48,Teacher,2018-07-17T23:51:37.843,3,False
764,5740,Teacher,2018-07-18T13:21:16.883,3,False
786,12615,Teacher,2018-08-12T08:30:20.070,3,False
793,10684,Teacher,2018-08-15T22:15:17.137,3,False
797,8884,Teacher,2018-08-20T21:30:37.573,3,False
820,5,Teacher,2018-09-14T02:45:01.043,3,False
855,12917,Teacher,2018-11-08T01:15:03.290,3,False
912,4808,Teacher,2019-01-14T04:30:00.497,3,False
953,6851,Teacher,2019-04-11T21:30:02.190,3,False
969,4922,Teacher,2019-05-30T10:15:06.897,3,False
1116,2082,Teacher,2019-12-13T09:15:00.047,3,False
1328,26170,Teacher,2021-01-23T16:15:35.100,3,False
2553,13,Teacher,2022-06-17T11:32:40.257,3,False
2574,29400,Teacher,2022-08-04T18:32:05.257,3,False
2685,27865,Teacher,2023-04-13T17:22:43.147,3,False
2769,36802,Teacher,2023-11-03T13:05:55.673,3,False
2856,2338,Teacher,2024-02-23T00:45:40.053,3,False
10,30,Student,2016-01-12T19:50:26.590,3,False
13,10,Student,2016-01-12T20:05:30.667,3,False
21,16,Student,2016-01-12T20:26:43.607,3,False
33,62,Student,2016-01-12T21:01:51.573,3,False
34,63,Student,2016-01-12T21:01:51.573,3,False
41,23,Student,2016-01-12T21:16:57.803,3,False
63,107,Student,2016-01-12T22:42:43.153,3,False
66,26,Student,2016-01-12T22:57:43.123,3,False
110,158,Student,2016-01-13T07:53:40.487,3,False
111,163,Student,2016-01-13T07:53:40.487,3,False
116,60,Student,2016-01-13T09:57:30.850,3,False
129,43,Student,2016-01-13T14:40:45.073,3,False
153,65,Student,2016-01-13T21:14:58.853,3,False
187,61,Student,2016-01-15T10:23:30.577,3,False
194,40,Student,2016-01-19T11:06:08.453,3,False
203,298,Student,2016-01-20T20:50:57.870,3,False
216,126,Student,2016-01-27T23:06:25.543,3,False
220,334,Student,2016-01-28T11:18:54.270,3,False
221,150,Student,2016-01-28T11:33:54.320,3,False
247,138,Student,2016-02-05T22:21:23.270,3,False
262,98,Student,2016-02-11T19:13:15.910,3,False
272,545,Student,2016-02-25T10:31:08.120,3,False
295,233,Student,2016-04-14T07:30:14.380,3,False
305,2,Student,2016-05-03T14:34:40.997,3,False
306,1570,Student,2016-05-03T14:34:40.997,3,False
311,1656,Student,2016-05-04T05:30:47.257,3,False
319,1211,Student,2016-05-09T16:26:18.343,3,False
340,2111,Student,2016-06-13T20:07:58.297,3,False
350,168,Student,2016-06-26T18:17:39.797,3,False
354,2338,Student,2016-07-01T05:40:49.427,3,False
365,2497,Student,2016-07-14T18:45:12.563,3,False
373,3813,Student,2016-08-13T10:00:28.460,3,False
393,115,Student,2016-11-18T04:14:17.993,3,False
401,4762,Student,2016-11-27T21:09:09.507,3,False
412,2146,Student,2016-12-15T22:12:12.697,3,False
481,5698,Student,2017-01-28T16:41:44.477,3,False
509,6352,Student,2017-03-20T14:55:50.113,3,False
531,6417,Student,2017-05-29T01:25:37.113,3,False
560,5686,Student,2017-07-25T06:53:58.387,3,False
661,776,Student,2018-02-04T19:52:32.470,3,False
665,8264,Student,2018-02-13T11:01:35.187,3,False
716,5740,Student,2018-05-25T08:27:14.600,3,False
730,10319,Student,2018-06-13T09:04:38.730,3,False
731,9120,Student,2018-06-13T14:14:08.930,3,False
736,1422,Student,2018-06-22T13:34:06.203,3,False
758,8884,Student,2018-07-10T09:20:37.270,3,False
791,4927,Student,2018-08-15T16:45:15.480,3,False
804,2082,Student,2018-08-24T16:15:16.313,3,False
807,11242,Student,2018-09-03T22:15:14.217,3,False
831,12377,Student,2018-10-07T07:30:00.343,3,False
833,10139,Student,2018-10-07T09:30:12.190,3,False
880,7,Student,2019-01-02T05:30:00.247,3,False
887,4922,Student,2019-01-09T05:00:19.740,3,False
930,14452,Student,2019-02-06T07:30:01.093,3,False
964,5,Student,2019-05-17T06:00:37.643,3,False
971,1,Student,2019-06-06T22:00:38.383,3,False
984,1722,Student,2019-06-20T09:30:20.513,3,False
1002,11333,Student,2019-07-16T20:30:10.853,3,False
1022,10131,Student,2019-08-19T04:30:03.043,3,False
1026,11157,Student,2019-09-01T21:30:01.780,3,False
1037,9201,Student,2019-10-07T18:30:01.717,3,False
1048,12562,Student,2019-10-25T20:30:08.470,3,False
1105,19195,Student,2019-11-20T12:45:05.513,3,False
1132,13883,Student,2020-01-06T21:45:06.317,3,False
1177,16523,Student,2020-03-11T19:00:26.087,3,False
1190,19482,Student,2020-04-19T06:02:20.387,3,False
1289,12917,Student,2021-01-06T07:16:50.287,3,False
1292,1998,Student,2021-01-09T00:04:25.573,3,False
1320,13,Student,2021-01-20T13:48:00.317,3,False
1339,26170,Student,2021-02-02T10:19:35.897,3,False
2372,16811,Student,2021-04-07T17:47:30.337,3,False
2405,28508,Student,2021-06-22T13:46:35.297,3,False
2546,1127,Student,2022-06-05T03:06:40.673,3,False
2596,21979,Student,2022-09-12T22:34:05.367,3,False
2684,27865,Student,2023-04-13T15:46:30.247,3,False
2688,38036,Student,2023-05-04T13:05:15.877,3,False
2784,33672,Student,2023-11-22T15:34:45.643,3,False
29,63,Editor,2016-01-12T20:41:49.063,3,False
32,23,Editor,2016-01-12T21:01:51.573,3,False
59,1,Editor,2016-01-12T22:20:53.780,3,False
86,20,Editor,2016-01-13T01:04:36.653,3,False
104,163,Editor,2016-01-13T06:42:47.980,3,False
164,47,Editor,2016-01-14T07:22:42.863,3,False
176,16,Editor,2016-01-14T14:59:19.683,3,False
184,11,Editor,2016-01-15T03:32:44.410,3,False
208,298,Editor,2016-01-21T20:53:43.920,3,False
239,334,Editor,2016-02-02T10:33:53.093,3,False
264,127,Editor,2016-02-15T12:11:03.147,3,False
266,98,Editor,2016-02-15T15:43:49.333,3,False
269,115,Editor,2016-02-15T17:10:35.593,3,False
289,233,Editor,2016-03-29T17:27:58.917,3,False
316,26,Editor,2016-05-08T21:36:58.470,3,False
326,1211,Editor,2016-05-11T08:03:00.443,3,False
337,2111,Editor,2016-06-12T03:07:39.070,3,False
361,168,Editor,2016-07-05T08:28:00.060,3,False
400,4762,Editor,2016-11-27T15:15:31.713,3,False
425,2146,Editor,2016-12-23T21:06:32.610,3,False
544,6417,Editor,2017-06-07T20:12:54.340,3,False
567,8103,Editor,2017-08-13T15:40:00.913,3,False
712,13,Editor,2018-05-23T14:03:02.540,3,False
751,5740,Editor,2018-07-05T12:04:41.190,3,False
756,8884,Editor,2018-07-08T11:54:17.130,3,False
760,4927,Editor,2018-07-11T15:04:45.730,3,False
792,10684,Editor,2018-08-15T21:45:13.623,3,False
818,5,Editor,2018-09-14T00:45:23.683,3,False
834,12377,Editor,2018-10-07T18:30:04.247,3,False
840,150,Editor,2018-10-15T11:45:02.260,3,False
913,4808,Editor,2019-01-14T08:30:12.437,3,False
1008,4922,Editor,2019-07-30T11:30:03.030,3,False
1025,11157,Editor,2019-09-01T21:30:01.780,3,False
1047,12562,Editor,2019-10-25T20:30:08.470,3,False
1063,11242,Editor,2019-11-11T23:15:09.467,3,False
1103,19195,Editor,2019-11-20T01:15:07.753,3,False
1129,7,Editor,2020-01-03T04:30:04.430,3,False
1245,2082,Editor,2020-09-13T23:32:40.317,3,False
1338,26170,Editor,2021-02-02T03:32:15.197,3,False
2616,35838,Editor,2022-10-25T19:36:00.810,3,False
2795,36802,Editor,2023-12-05T21:18:00.343,3,False
2845,2338,Editor,2024-02-09T13:50:30.667,3,False
2854,34132,Editor,2024-02-21T02:33:50.493,3,False
1010,5740,Cleanup,2019-08-01T06:45:06.387,3,False
68,119,Organizer,2016-01-12T23:15:13.470,3,False
69,1,Organizer,2016-01-12T23:30:10.593,3,False
318,115,Organizer,2016-05-09T16:26:18.343,3,False
352,2333,Organizer,2016-06-30T09:53:16.193,3,False
370,98,Organizer,2016-08-10T14:04:32.653,3,False
733,4762,Organizer,2018-06-15T11:01:50.287,3,False
819,5,Organizer,2018-09-14T00:45:23.683,3,False
842,11242,Organizer,2018-10-22T14:45:13.617,3,False
885,8884,Organizer,2019-01-08T15:00:01.223,3,False
989,13,Organizer,2019-06-24T18:30:02.073,3,False
1109,5740,Organizer,2019-11-27T12:00:30.750,3,False
2413,11333,Organizer,2021-07-16T16:03:50.323,3,False
2560,30940,Organizer,2022-06-24T16:04:00.393,3,False
2572,29400,Organizer,2022-08-04T17:30:10.050,3,False
2687,26928,Organizer,2023-05-03T15:33:45.610,3,False
11,23,Supporter,2016-01-12T19:50:26.590,3,False
14,30,Supporter,2016-01-12T20:05:30.667,3,False
15,54,Supporter,2016-01-12T20:05:30.667,3,False
22,16,Supporter,2016-01-12T20:26:43.607,3,False
23,53,Supporter,2016-01-12T20:26:43.607,3,False
24,65,Supporter,2016-01-12T20:26:43.607,3,False
35,60,Supporter,2016-01-12T21:01:51.573,3,False
36,72,Supporter,2016-01-12T21:01:51.573,3,False
42,10,Supporter,2016-01-12T21:16:57.803,3,False
43,20,Supporter,2016-01-12T21:16:57.803,3,False
44,43,Supporter,2016-01-12T21:16:57.803,3,False
46,95,Supporter,2016-01-12T21:35:29.053,3,False
52,62,Supporter,2016-01-12T22:05:47.840,3,False
53,100,Supporter,2016-01-12T22:05:47.840,3,False
64,1,Supporter,2016-01-12T22:42:43.153,3,False
76,26,Supporter,2016-01-12T23:53:37.053,3,False
77,61,Supporter,2016-01-12T23:53:37.053,3,False
78,127,Supporter,2016-01-12T23:53:37.053,3,False
88,143,Supporter,2016-01-13T01:19:39.837,3,False
92,148,Supporter,2016-01-13T01:49:39.810,3,False
95,147,Supporter,2016-01-13T02:20:43.663,3,False
98,158,Supporter,2016-01-13T04:25:03.700,3,False
101,47,Supporter,2016-01-13T05:00:16.223,3,False
103,163,Supporter,2016-01-13T05:49:58.227,3,False
115,177,Supporter,2016-01-13T09:42:25.823,3,False
121,156,Supporter,2016-01-13T12:56:53.860,3,False
123,138,Supporter,2016-01-13T13:29:29.090,3,False
126,115,Supporter,2016-01-13T14:03:43.273,3,False
127,116,Supporter,2016-01-13T14:03:43.273,3,False
130,36,Supporter,2016-01-13T14:40:45.073,3,False
132,2,Supporter,2016-01-13T15:16:14.087,3,False
144,58,Supporter,2016-01-13T17:13:41.480,3,False
147,131,Supporter,2016-01-13T17:59:46.537,3,False
149,126,Supporter,2016-01-13T19:45:12.650,3,False
159,11,Supporter,2016-01-14T03:51:32.450,3,False
160,107,Supporter,2016-01-14T05:06:32.433,3,False
170,214,Supporter,2016-01-14T13:21:22.570,3,False
178,234,Supporter,2016-01-14T15:31:45.940,3,False
179,63,Supporter,2016-01-15T00:30:57.510,3,False
182,219,Supporter,2016-01-15T01:41:36.980,3,False
186,244,Supporter,2016-01-15T08:51:38.823,3,False
192,40,Supporter,2016-01-18T19:22:00.083,3,False
195,48,Supporter,2016-01-19T20:56:24.263,3,False
202,298,Supporter,2016-01-20T20:04:09.060,3,False
207,160,Supporter,2016-01-21T16:55:24.890,3,False
212,320,Supporter,2016-01-24T22:47:40.477,3,False
213,168,Supporter,2016-01-25T15:30:51.573,3,False
214,327,Supporter,2016-01-26T10:42:03.943,3,False
225,29,Supporter,2016-01-28T18:10:45.543,3,False
228,150,Supporter,2016-01-29T05:07:27.830,3,False
232,98,Supporter,2016-02-02T00:08:48.017,3,False
234,360,Supporter,2016-02-02T07:08:22.127,3,False
237,365,Supporter,2016-02-02T09:15:42.377,3,False
252,468,Supporter,2016-02-08T19:42:12.613,3,False
259,44,Supporter,2016-02-10T10:42:23.587,3,False
268,545,Supporter,2016-02-15T16:35:00.823,3,False
273,285,Supporter,2016-02-25T23:59:48.453,3,False
281,612,Supporter,2016-03-13T01:08:19.210,3,False
283,1008,Supporter,2016-03-16T12:24:08.937,3,False
287,1127,Supporter,2016-03-28T19:13:41.707,3,False
300,1570,Supporter,2016-04-27T20:54:56.143,3,False
315,1656,Supporter,2016-05-06T23:13:33.793,3,False
325,1211,Supporter,2016-05-11T04:56:53.503,3,False
328,7,Supporter,2016-05-14T00:32:34.917,3,False
334,1431,Supporter,2016-06-05T08:15:13.397,3,False
336,2111,Supporter,2016-06-12T02:52:35.950,3,False
346,2172,Supporter,2016-06-20T16:38:21.297,3,False
353,2333,Supporter,2016-06-30T09:53:16.193,3,False
371,2627,Supporter,2016-08-11T12:38:10.980,3,False
377,3782,Supporter,2016-09-03T22:24:47.883,3,False
389,4762,Supporter,2016-11-03T07:18:24.027,3,False
391,4897,Supporter,2016-11-15T13:18:53.897,3,False
398,4927,Supporter,2016-11-21T11:51:22.340,3,False
405,334,Supporter,2016-12-06T08:24:44.620,3,False
408,2176,Supporter,2016-12-14T10:24:22.837,3,False
410,2146,Supporter,2016-12-14T17:27:04.810,3,False
411,233,Supporter,2016-12-15T13:54:09.610,3,False
416,4177,Supporter,2016-12-19T12:52:45.560,3,False
420,5319,Supporter,2016-12-20T17:23:10.533,3,False
423,4808,Supporter,2016-12-22T10:31:55.090,3,False
427,1400,Supporter,2016-12-24T16:21:31.463,3,False
431,4922,Supporter,2017-01-02T18:40:21.477,3,False
474,5260,Supporter,2017-01-15T19:08:51.340,3,False
483,2541,Supporter,2017-01-28T22:22:42.297,3,False
507,5518,Supporter,2017-03-17T23:19:59.363,3,False
534,6417,Supporter,2017-05-29T05:42:01.020,3,False
568,8103,Supporter,2017-08-13T15:40:00.913,3,False
594,8353,Supporter,2017-10-13T17:18:57.967,3,False
600,5576,Supporter,2017-11-15T12:21:20.350,3,False
651,6258,Supporter,2018-01-17T14:19:44.083,3,False
662,6853,Supporter,2018-02-04T19:52:32.470,3,False
663,776,Supporter,2018-02-04T20:25:27.200,3,False
666,9345,Supporter,2018-02-13T11:01:35.187,3,False
679,481,Supporter,2018-03-16T13:37:44.033,3,False
692,10392,Supporter,2018-04-03T12:25:14.410,3,False
696,5168,Supporter,2018-04-12T03:48:16.990,3,False
697,5740,Supporter,2018-04-12T09:04:45.743,3,False
700,3953,Supporter,2018-04-19T10:49:01.523,3,False
710,10808,Supporter,2018-05-16T03:07:37.957,3,False
721,6996,Supporter,2018-06-06T01:14:49.730,3,False
723,9730,Supporter,2018-06-06T14:32:43.597,3,False
732,10319,Supporter,2018-06-13T15:15:27.093,3,False
740,1422,Supporter,2018-06-26T16:05:43.997,3,False
741,8884,Supporter,2018-06-27T07:53:59.317,3,False
749,11242,Supporter,2018-07-03T22:10:27.597,3,False
777,11222,Supporter,2018-08-06T15:02:43.540,3,False
785,12615,Supporter,2018-08-11T16:00:22.973,3,False
787,10684,Supporter,2018-08-13T23:01:05.343,3,False
801,12377,Supporter,2018-08-23T07:01:01.797,3,False
802,2082,Supporter,2018-08-23T21:00:41.740,3,False
832,12917,Supporter,2018-10-07T07:30:00.343,3,False
866,9614,Supporter,2018-12-06T13:45:07.583,3,False
867,6851,Supporter,2018-12-06T19:30:00.113,3,False
921,13883,Supporter,2019-01-23T17:00:32.063,3,False
924,14343,Supporter,2019-01-26T18:30:18.220,3,False
927,13813,Supporter,2019-02-01T23:30:02.370,3,False
936,14544,Supporter,2019-02-15T08:45:04.457,3,False
967,14778,Supporter,2019-05-27T08:15:06.373,3,False
972,16621,Supporter,2019-06-07T21:15:16.303,3,False
974,12718,Supporter,2019-06-08T19:00:05.610,3,False
978,16726,Supporter,2019-06-11T17:45:06.997,3,False
986,11255,Supporter,2019-06-20T13:30:22.613,3,False
994,6637,Supporter,2019-07-07T22:45:06.527,3,False
1004,4454,Supporter,2019-07-21T07:45:11.183,3,False
1005,13100,Supporter,2019-07-22T13:15:05.300,3,False
1020,17257,Supporter,2019-08-14T13:30:11.260,3,False
1024,14300,Supporter,2019-08-22T15:00:27.253,3,False
1033,180,Supporter,2019-09-29T18:30:09.217,3,False
1046,12562,Supporter,2019-10-25T17:00:18.763,3,False
1106,19195,Supporter,2019-11-20T18:30:16.347,3,False
1122,19390,Supporter,2019-12-16T01:30:13.490,3,False
1169,3864,Supporter,2020-02-07T21:45:15.517,3,False
1186,19913,Supporter,2020-04-04T02:15:09.657,3,False
1191,19482,Supporter,2020-04-20T01:00:30.133,3,False
1215,21602,Supporter,2020-06-17T12:31:35.520,3,False
1223,14562,Supporter,2020-07-02T19:18:40.403,3,False
1226,21824,Supporter,2020-07-10T14:07:20.827,3,False
1250,23179,Supporter,2020-09-24T16:03:45.467,3,False
1258,23870,Supporter,2020-10-16T19:01:20.243,3,False
1278,21278,Supporter,2020-12-18T06:16:00.137,3,False
1283,13693,Supporter,2020-12-21T05:18:20.310,3,False
1343,26170,Supporter,2021-02-05T04:02:45.220,3,False
1365,16811,Supporter,2021-03-25T21:06:51.253,3,False
2390,23193,Supporter,2021-05-19T17:46:25.133,3,False
2392,28508,Supporter,2021-05-24T14:33:40.403,3,False
2401,28970,Supporter,2021-06-17T14:19:20.473,3,False
2418,29332,Supporter,2021-07-23T11:16:15.180,3,False
2423,30645,Supporter,2021-08-07T04:32:30.250,3,False
2425,23583,Supporter,2021-08-09T08:46:25.110,3,False
2444,31386,Supporter,2021-09-29T23:07:30.830,3,False
2447,27865,Supporter,2021-10-01T11:02:55.553,3,False
2457,12956,Supporter,2021-10-23T06:03:25.330,3,False
2475,32117,Supporter,2021-12-10T21:02:00.963,3,False
2479,26300,Supporter,2021-12-16T15:33:35.397,3,False
2520,33124,Supporter,2022-02-24T19:07:40.977,3,False
2538,33527,Supporter,2022-05-28T21:46:30.250,3,False
2545,33956,Supporter,2022-06-05T01:18:45.357,3,False
2557,34560,Supporter,2022-06-24T01:32:05.193,3,False
2559,30940,Supporter,2022-06-24T15:47:00.210,3,False
2573,29400,Supporter,2022-08-04T17:30:10.050,3,False
2576,13,Supporter,2022-08-05T09:45:30.073,3,False
2599,21979,Supporter,2022-09-15T12:17:20.243,3,False
2607,35385,Supporter,2022-10-06T14:32:20.390,3,False
2635,4708,Supporter,2022-12-19T16:01:25.353,3,False
2694,38084,Supporter,2023-05-17T07:06:20.927,3,False
2702,38544,Supporter,2023-06-08T01:45:30.070,3,False
2720,38999,Supporter,2023-07-03T11:34:45.587,3,False
2765,36802,Supporter,2023-11-01T09:07:50.940,3,False
2848,2338,Supporter,2024-02-13T10:01:45.233,3,False
2870,7384,Supporter,2024-03-08T21:48:45.553,3,False
2877,42846,Supporter,2024-03-24T16:32:50.330,3,False
84,1,Critic,2016-01-13T00:44:28.247,3,False
85,127,Critic,2016-01-13T00:44:28.247,3,False
99,143,Critic,2016-01-13T04:40:05.700,3,False
108,87,Critic,2016-01-13T07:53:40.487,3,False
109,163,Critic,2016-01-13T07:53:40.487,3,False
135,20,Critic,2016-01-13T16:42:49.233,3,False
136,30,Critic,2016-01-13T16:42:49.233,3,False
137,61,Critic,2016-01-13T16:42:49.233,3,False
138,63,Critic,2016-01-13T16:42:49.233,3,False
139,95,Critic,2016-01-13T16:42:49.233,3,False
140,138,Critic,2016-01-13T16:42:49.233,3,False
171,26,Critic,2016-01-14T14:59:19.683,3,False
172,47,Critic,2016-01-14T14:59:19.683,3,False
173,107,Critic,2016-01-14T14:59:19.683,3,False
174,126,Critic,2016-01-14T14:59:19.683,3,False
190,219,Critic,2016-01-15T19:47:06.053,3,False
197,48,Critic,2016-01-20T06:55:13.290,3,False
255,98,Critic,2016-02-09T21:59:29.693,3,False
282,233,Critic,2016-03-14T16:19:36.987,3,False
396,4762,Critic,2016-11-18T07:04:50.023,3,False
436,4927,Critic,2017-01-11T21:54:43.510,3,False
541,6417,Critic,2017-06-05T21:28:01.557,3,False
856,5740,Critic,2018-11-08T23:30:00.600,3,False
915,4808,Critic,2019-01-14T16:15:04.083,3,False
1000,9201,Critic,2019-07-14T10:30:00.177,3,False
1239,6479,Critic,2020-09-03T12:04:00.420,3,False
2629,8884,Critic,2022-11-17T18:33:45.433,3,False
2786,36802,Critic,2023-11-28T00:33:00.327,3,False
528,4762,Citizen Patrol,2017-05-14T02:58:39.740,3,False
947,5740,Citizen Patrol,2019-03-25T11:07:09.160,3,False
999,9201,Citizen Patrol,2019-07-13T14:25:15.453,3,False
1160,8884,Citizen Patrol,2020-01-19T09:50:44.310,3,False
1189,4808,Citizen Patrol,2020-04-17T09:39:20.067,3,False
1,18,Autobiographer,2016-01-12T18:44:50.493,3,False
2,17,Autobiographer,2016-01-12T18:44:50.493,3,False
3,10,Autobiographer,2016-01-12T18:44:50.493,3,False
4,11,Autobiographer,2016-01-12T18:44:50.493,3,False
5,25,Autobiographer,2016-01-12T18:59:56.183,3,False
6,23,Autobiographer,2016-01-12T18:59:56.183,3,False
7,1,Autobiographer,2016-01-12T19:15:06.200,3,False
8,30,Autobiographer,2016-01-12T19:15:06.200,3,False
9,47,Autobiographer,2016-01-12T19:50:26.590,3,False
12,54,Autobiographer,2016-01-12T20:05:30.667,3,False
16,65,Autobiographer,2016-01-12T20:26:43.607,3,False
17,63,Autobiographer,2016-01-12T20:26:43.607,3,False
18,9,Autobiographer,2016-01-12T20:26:43.607,3,False
19,16,Autobiographer,2016-01-12T20:26:43.607,3,False
20,50,Autobiographer,2016-01-12T20:26:43.607,3,False
26,60,Autobiographer,2016-01-12T20:41:49.063,3,False
28,62,Autobiographer,2016-01-12T20:41:49.063,3,False
30,72,Autobiographer,2016-01-12T21:01:51.573,3,False
31,43,Autobiographer,2016-01-12T21:01:51.573,3,False
40,20,Autobiographer,2016-01-12T21:16:57.803,3,False
45,95,Autobiographer,2016-01-12T21:35:29.053,3,False
49,3,Autobiographer,2016-01-12T22:05:47.840,3,False
50,100,Autobiographer,2016-01-12T22:05:47.840,3,False
54,107,Autobiographer,2016-01-12T22:20:53.780,3,False
55,111,Autobiographer,2016-01-12T22:20:53.780,3,False
56,4,Autobiographer,2016-01-12T22:20:53.780,3,False
57,109,Autobiographer,2016-01-12T22:20:53.780,3,False
58,82,Autobiographer,2016-01-12T22:20:53.780,3,False
62,113,Autobiographer,2016-01-12T22:42:43.153,3,False
65,119,Autobiographer,2016-01-12T22:57:43.123,3,False
67,2,Autobiographer,2016-01-12T23:15:13.470,3,False
70,56,Autobiographer,2016-01-12T23:53:37.053,3,False
71,61,Autobiographer,2016-01-12T23:53:37.053,3,False
72,130,Autobiographer,2016-01-12T23:53:37.053,3,False
73,12,Autobiographer,2016-01-12T23:53:37.053,3,False
75,127,Autobiographer,2016-01-12T23:53:37.053,3,False
80,134,Autobiographer,2016-01-13T00:29:03.237,3,False
87,143,Autobiographer,2016-01-13T01:19:39.837,3,False
89,145,Autobiographer,2016-01-13T01:34:39.853,3,False
91,148,Autobiographer,2016-01-13T01:49:39.810,3,False
94,147,Autobiographer,2016-01-13T02:20:43.663,3,False
97,158,Autobiographer,2016-01-13T04:25:03.700,3,False
100,98,Autobiographer,2016-01-13T05:00:16.223,3,False
102,163,Autobiographer,2016-01-13T05:49:58.227,3,False
105,87,Autobiographer,2016-01-13T06:57:57.943,3,False
107,167,Autobiographer,2016-01-13T07:30:31.570,3,False
113,176,Autobiographer,2016-01-13T09:22:06.330,3,False
114,177,Autobiographer,2016-01-13T09:42:25.823,3,False
118,169,Autobiographer,2016-01-13T10:28:20.807,3,False
119,116,Autobiographer,2016-01-13T11:18:38.080,3,False
120,156,Autobiographer,2016-01-13T12:56:53.860,3,False
122,138,Autobiographer,2016-01-13T13:29:29.090,3,False
124,115,Autobiographer,2016-01-13T14:03:43.273,3,False
125,75,Autobiographer,2016-01-13T14:03:43.273,3,False
131,52,Autobiographer,2016-01-13T15:16:14.087,3,False
143,58,Autobiographer,2016-01-13T17:13:41.480,3,False
146,131,Autobiographer,2016-01-13T17:59:46.537,3,False
150,40,Autobiographer,2016-01-13T20:00:35.553,3,False
154,5,Autobiographer,2016-01-13T21:30:16.420,3,False
155,219,Autobiographer,2016-01-13T23:11:49.053,3,False
161,224,Autobiographer,2016-01-14T06:17:38.203,3,False
163,226,Autobiographer,2016-01-14T06:35:06.090,3,False
167,168,Autobiographer,2016-01-14T12:13:19.050,3,False
168,230,Autobiographer,2016-01-14T12:50:27.577,3,False
169,214,Autobiographer,2016-01-14T13:21:22.570,3,False
177,234,Autobiographer,2016-01-14T15:31:45.940,3,False
181,48,Autobiographer,2016-01-15T01:41:36.980,3,False
185,244,Autobiographer,2016-01-15T08:51:38.823,3,False
188,118,Autobiographer,2016-01-15T13:47:43.370,3,False
191,70,Autobiographer,2016-01-18T15:51:33.243,3,False
193,233,Autobiographer,2016-01-18T20:09:16.133,3,False
198,19,Autobiographer,2016-01-20T13:32:25.663,3,False
199,37,Autobiographer,2016-01-20T16:17:24.640,3,False
200,298,Autobiographer,2016-01-20T17:23:03.233,3,False
205,254,Autobiographer,2016-01-21T05:15:29.063,3,False
206,160,Autobiographer,2016-01-21T16:55:24.890,3,False
209,295,Autobiographer,2016-01-21T22:23:54.227,3,False
210,44,Autobiographer,2016-01-22T19:01:53.640,3,False
211,320,Autobiographer,2016-01-24T22:32:35.407,3,False
215,301,Autobiographer,2016-01-27T02:00:02.567,3,False
217,336,Autobiographer,2016-01-28T03:55:08.480,3,False
218,150,Autobiographer,2016-01-28T04:28:11.570,3,False
219,334,Autobiographer,2016-01-28T09:14:04.293,3,False
224,29,Autobiographer,2016-01-28T17:47:08.217,3,False
226,28,Autobiographer,2016-01-28T20:23:43.607,3,False
230,342,Autobiographer,2016-01-30T17:33:58.577,3,False
233,360,Autobiographer,2016-02-02T07:08:22.127,3,False
236,365,Autobiographer,2016-02-02T09:15:42.377,3,False
238,51,Autobiographer,2016-02-02T09:33:29.810,3,False
240,377,Autobiographer,2016-02-02T20:29:45.437,3,False
241,379,Autobiographer,2016-02-02T22:02:56.477,3,False
242,391,Autobiographer,2016-02-03T09:34:04.113,3,False
243,367,Autobiographer,2016-02-03T10:42:18.947,3,False
244,172,Autobiographer,2016-02-03T12:23:11.827,3,False
249,425,Autobiographer,2016-02-08T12:02:44.520,3,False
250,13,Autobiographer,2016-02-08T13:27:52.080,3,False
251,468,Autobiographer,2016-02-08T19:42:12.613,3,False
257,500,Autobiographer,2016-02-10T02:24:12.680,3,False
260,512,Autobiographer,2016-02-10T15:49:09.767,3,False
261,525,Autobiographer,2016-02-11T12:44:24.677,3,False
275,688,Autobiographer,2016-02-29T20:48:06.310,3,False
277,868,Autobiographer,2016-03-07T16:13:35.863,3,False
278,895,Autobiographer,2016-03-10T00:15:26.290,3,False
280,612,Autobiographer,2016-03-13T01:08:19.210,3,False
286,250,Autobiographer,2016-03-28T16:43:57.567,3,False
288,1190,Autobiographer,2016-03-29T15:12:02.633,3,False
291,7,Autobiographer,2016-03-30T01:31:36.970,3,False
292,554,Autobiographer,2016-04-03T20:22:35.613,3,False
299,1570,Autobiographer,2016-04-26T19:01:12.913,3,False
301,1584,Autobiographer,2016-04-27T21:45:36.920,3,False
304,1270,Autobiographer,2016-05-03T14:34:40.997,3,False
308,1586,Autobiographer,2016-05-03T19:51:56.650,3,False
309,1656,Autobiographer,2016-05-03T21:19:52.697,3,False
310,14,Autobiographer,2016-05-04T03:53:28.933,3,False
312,1072,Autobiographer,2016-05-05T06:41:30.767,3,False
317,165,Autobiographer,2016-05-09T11:19:28.437,3,False
321,1169,Autobiographer,2016-05-09T19:03:19.393,3,False
324,556,Autobiographer,2016-05-10T20:35:28.393,3,False
330,1211,Autobiographer,2016-05-18T21:21:52.630,3,False
331,1882,Autobiographer,2016-05-22T11:21:19.430,3,False
332,1896,Autobiographer,2016-05-23T17:15:46.777,3,False
333,1431,Autobiographer,2016-06-05T08:15:13.397,3,False
335,2111,Autobiographer,2016-06-12T02:52:35.950,3,False
338,1998,Autobiographer,2016-06-12T11:46:10.710,3,False
342,2154,Autobiographer,2016-06-15T22:51:36.143,3,False
343,2168,Autobiographer,2016-06-17T20:35:56.590,3,False
344,126,Autobiographer,2016-06-20T15:17:34.760,3,False
345,2172,Autobiographer,2016-06-20T16:38:21.297,3,False
347,2206,Autobiographer,2016-06-21T08:53:05.093,3,False
351,2333,Autobiographer,2016-06-30T09:38:15.107,3,False
356,2125,Autobiographer,2016-07-02T00:58:26.630,3,False
357,2363,Autobiographer,2016-07-02T18:58:54.363,3,False
358,2374,Autobiographer,2016-07-02T20:57:26.313,3,False
359,1680,Autobiographer,2016-07-02T23:44:59.133,3,False
366,2627,Autobiographer,2016-07-25T09:29:40.333,3,False
367,2497,Autobiographer,2016-07-27T15:34:48.553,3,False
368,2755,Autobiographer,2016-08-03T21:40:41.350,3,False
372,3813,Autobiographer,2016-08-11T17:03:50.000,3,False
374,2176,Autobiographer,2016-08-20T10:15:37.580,3,False
375,4035,Autobiographer,2016-08-29T19:14:37.343,3,False
376,3782,Autobiographer,2016-09-03T19:59:49.510,3,False
379,4294,Autobiographer,2016-09-21T08:10:13.987,3,False
381,3764,Autobiographer,2016-09-27T12:40:34.020,3,False
384,3839,Autobiographer,2016-10-05T09:18:05.380,3,False
385,4454,Autobiographer,2016-10-06T00:10:33.330,3,False
386,4486,Autobiographer,2016-10-09T05:00:20.770,3,False
387,4654,Autobiographer,2016-10-28T03:00:43.880,3,False
388,4762,Autobiographer,2016-11-02T21:28:27.930,3,False
390,4897,Autobiographer,2016-11-15T13:03:47.780,3,False
397,4927,Autobiographer,2016-11-18T15:59:27.987,3,False
406,4996,Autobiographer,2016-12-07T23:50:39.260,3,False
409,2146,Autobiographer,2016-12-14T17:27:04.810,3,False
414,5260,Autobiographer,2016-12-16T16:29:28.473,3,False
415,4177,Autobiographer,2016-12-19T12:52:45.560,3,False
418,5310,Autobiographer,2016-12-20T09:41:07.700,3,False
419,5319,Autobiographer,2016-12-20T17:23:10.533,3,False
421,5325,Autobiographer,2016-12-21T16:35:54.327,3,False
422,4808,Autobiographer,2016-12-22T10:31:55.090,3,False
426,1400,Autobiographer,2016-12-24T16:21:31.463,3,False
428,5360,Autobiographer,2016-12-25T17:39:07.643,3,False
429,5363,Autobiographer,2016-12-28T06:40:19.040,3,False
430,4922,Autobiographer,2016-12-30T18:11:56.853,3,False
432,1803,Autobiographer,2017-01-04T16:02:02.810,3,False
433,4588,Autobiographer,2017-01-05T05:03:31.640,3,False
434,5519,Autobiographer,2017-01-05T15:52:01.610,3,False
437,1374,Autobiographer,2017-01-12T00:04:48.290,3,False
472,1397,Autobiographer,2017-01-14T20:40:13.927,3,False
477,5767,Autobiographer,2017-01-24T21:28:48.957,3,False
482,2541,Autobiographer,2017-01-28T22:22:42.297,3,False
484,5475,Autobiographer,2017-02-01T18:18:15.660,3,False
485,5886,Autobiographer,2017-02-03T20:51:16.337,3,False
486,5135,Autobiographer,2017-02-04T16:41:01.913,3,False
487,1525,Autobiographer,2017-02-06T08:03:50.657,3,False
489,4437,Autobiographer,2017-02-07T12:28:09.083,3,False
490,5675,Autobiographer,2017-02-08T09:11:11.850,3,False
491,850,Autobiographer,2017-02-08T17:25:01.183,3,False
493,283,Autobiographer,2017-02-11T03:44:33.620,3,False
495,6019,Autobiographer,2017-02-14T05:13:50.760,3,False
496,2673,Autobiographer,2017-02-15T01:07:04.500,3,False
497,941,Autobiographer,2017-02-16T16:15:05.640,3,False
499,6150,Autobiographer,2017-02-22T06:16:05.110,3,False
500,5518,Autobiographer,2017-02-26T22:14:19.707,3,False
501,3970,Autobiographer,2017-03-01T23:24:59.573,3,False
502,1779,Autobiographer,2017-03-02T15:35:49.387,3,False
503,5789,Autobiographer,2017-03-03T10:38:29.043,3,False
504,3953,Autobiographer,2017-03-06T06:42:01.683,3,False
506,6405,Autobiographer,2017-03-15T05:04:08.377,3,False
510,6547,Autobiographer,2017-03-24T16:38:49.847,3,False
511,6316,Autobiographer,2017-03-30T09:47:30.460,3,False
513,6631,Autobiographer,2017-04-10T17:29:36.490,3,False
514,6743,Autobiographer,2017-04-12T04:20:06.583,3,False
517,6376,Autobiographer,2017-04-19T17:40:40.433,3,False
519,4267,Autobiographer,2017-04-24T13:47:04.770,3,False
520,6850,Autobiographer,2017-04-25T14:50:30.067,3,False
521,6384,Autobiographer,2017-04-28T05:36:06.597,3,False
525,6417,Autobiographer,2017-05-08T17:11:16.647,3,False
526,6994,Autobiographer,2017-05-09T15:49:50.323,3,False
530,6352,Autobiographer,2017-05-20T02:33:43.197,3,False
535,6873,Autobiographer,2017-05-29T17:46:16.457,3,False
539,7362,Autobiographer,2017-06-04T12:15:24.803,3,False
540,5862,Autobiographer,2017-06-05T07:07:10.293,3,False
542,3894,Autobiographer,2017-06-05T22:38:22.690,3,False
547,5686,Autobiographer,2017-06-15T08:14:20.150,3,False
549,6090,Autobiographer,2017-06-16T12:29:06.943,3,False
552,285,Autobiographer,2017-06-18T04:49:34.830,3,False
554,5311,Autobiographer,2017-06-19T10:08:12.440,3,False
559,3893,Autobiographer,2017-07-24T20:34:51.607,3,False
561,6123,Autobiographer,2017-07-29T18:59:12.297,3,False
563,8041,Autobiographer,2017-08-07T15:32:29.107,3,False
565,6851,Autobiographer,2017-08-13T01:34:41.710,3,False
566,8103,Autobiographer,2017-08-13T15:25:00.883,3,False
570,5760,Autobiographer,2017-08-14T15:24:17.253,3,False
571,7990,Autobiographer,2017-08-14T21:03:42.780,3,False
572,8131,Autobiographer,2017-08-16T19:17:05.487,3,False
573,8134,Autobiographer,2017-08-16T22:46:13.863,3,False
574,2082,Autobiographer,2017-08-21T20:39:56.197,3,False
575,776,Autobiographer,2017-08-25T00:24:40.493,3,False
576,2337,Autobiographer,2017-08-26T05:43:01.537,3,False
577,6812,Autobiographer,2017-08-28T05:48:13.943,3,False
578,4415,Autobiographer,2017-08-28T10:33:38.740,3,False
579,8264,Autobiographer,2017-08-30T09:24:03.363,3,False
581,8283,Autobiographer,2017-09-04T12:14:54.630,3,False
582,8318,Autobiographer,2017-09-05T15:05:57.790,3,False
583,8367,Autobiographer,2017-09-10T22:38:05.417,3,False
584,7379,Autobiographer,2017-09-14T21:58:18.307,3,False
585,8323,Autobiographer,2017-09-17T13:31:45.733,3,False
587,8503,Autobiographer,2017-09-24T12:24:25.200,3,False
590,1224,Autobiographer,2017-10-09T13:01:52.397,3,False
591,8674,Autobiographer,2017-10-10T01:45:49.133,3,False
592,8693,Autobiographer,2017-10-11T08:24:59.123,3,False
593,8353,Autobiographer,2017-10-13T17:18:57.967,3,False
595,7384,Autobiographer,2017-10-17T15:11:06.723,3,False
599,550,Autobiographer,2017-11-08T15:15:45.030,3,False
603,7691,Autobiographer,2017-11-20T11:36:00.317,3,False
605,6258,Autobiographer,2017-11-30T04:56:06.887,3,False
607,4614,Autobiographer,2017-12-06T20:19:48.627,3,False
608,9313,Autobiographer,2017-12-08T19:42:47.960,3,False
609,9310,Autobiographer,2017-12-09T08:59:26.107,3,False
610,9317,Autobiographer,2017-12-09T12:29:08.263,3,False
611,9393,Autobiographer,2017-12-15T06:17:29.147,3,False
612,481,Autobiographer,2017-12-19T11:09:22.410,3,False
613,6159,Autobiographer,2017-12-19T13:56:09.167,3,False
614,9345,Autobiographer,2017-12-20T14:03:58.467,3,False
615,9318,Autobiographer,2017-12-22T07:53:59.450,3,False
616,9447,Autobiographer,2017-12-23T19:48:40.590,3,False
618,9546,Autobiographer,2018-01-03T02:28:27.643,3,False
621,9134,Autobiographer,2018-01-08T09:17:17.830,3,False
624,7758,Autobiographer,2018-01-10T15:01:16.993,3,False
625,9613,Autobiographer,2018-01-12T09:19:29.700,3,False
655,8946,Autobiographer,2018-01-27T09:07:49.630,3,False
657,1311,Autobiographer,2018-01-27T22:39:11.900,3,False
658,9783,Autobiographer,2018-01-29T10:41:15.423,3,False
659,3796,Autobiographer,2018-02-01T05:10:09.333,3,False
668,482,Autobiographer,2018-02-15T18:11:37.273,3,False
669,6227,Autobiographer,2018-02-22T09:57:24.120,3,False
670,9988,Autobiographer,2018-02-22T13:02:18.757,3,False
671,10035,Autobiographer,2018-02-25T02:20:04.480,3,False
674,10139,Autobiographer,2018-03-10T23:08:02.837,3,False
675,9615,Autobiographer,2018-03-13T08:14:05.793,3,False
680,10258,Autobiographer,2018-03-20T15:09:55.840,3,False
681,10275,Autobiographer,2018-03-22T09:05:02.310,3,False
683,180,Autobiographer,2018-03-26T15:34:14.430,3,False
684,5545,Autobiographer,2018-03-26T20:45:45.360,3,False
685,9845,Autobiographer,2018-03-27T02:52:22.780,3,False
689,5542,Autobiographer,2018-03-31T18:55:17.253,3,False
691,10392,Autobiographer,2018-04-03T12:25:14.410,3,False
693,10400,Autobiographer,2018-04-04T05:15:26.380,3,False
698,1039,Autobiographer,2018-04-17T14:49:11.873,3,False
701,8884,Autobiographer,2018-04-19T15:38:32.087,3,False
703,7556,Autobiographer,2018-04-19T20:41:20.347,3,False
704,5740,Autobiographer,2018-04-20T06:39:21.013,3,False
705,10319,Autobiographer,2018-04-20T10:16:07.070,3,False
709,10808,Autobiographer,2018-05-16T03:07:37.957,3,False
711,7939,Autobiographer,2018-05-18T10:07:37.037,3,False
713,7245,Autobiographer,2018-05-23T14:51:32.877,3,False
720,9730,Autobiographer,2018-06-04T20:44:50.510,3,False
726,9072,Autobiographer,2018-06-08T11:58:56.427,3,False
729,10093,Autobiographer,2018-06-12T06:29:16.130,3,False
737,9769,Autobiographer,2018-06-23T18:58:34.247,3,False
739,9214,Autobiographer,2018-06-26T11:31:16.190,3,False
744,11222,Autobiographer,2018-06-30T03:10:04.413,3,False
745,10828,Autobiographer,2018-07-01T18:52:22.300,3,False
746,4384,Autobiographer,2018-07-03T08:24:21.510,3,False
747,11005,Autobiographer,2018-07-03T17:47:43.950,3,False
748,11242,Autobiographer,2018-07-03T21:54:22.647,3,False
750,795,Autobiographer,2018-07-05T03:44:34.220,3,False
755,11274,Autobiographer,2018-07-07T23:17:58.187,3,False
761,11333,Autobiographer,2018-07-14T02:47:37.203,3,False
763,11248,Autobiographer,2018-07-18T00:22:05.987,3,False
765,12378,Autobiographer,2018-07-19T15:26:13.177,3,False
767,10957,Autobiographer,2018-07-27T14:45:15.050,3,False
776,4829,Autobiographer,2018-08-06T08:45:28.300,3,False
779,12559,Autobiographer,2018-08-08T15:01:11.097,3,False
780,102,Autobiographer,2018-08-09T16:30:37.057,3,False
782,12574,Autobiographer,2018-08-10T02:00:59.007,3,False
784,12615,Autobiographer,2018-08-11T16:00:22.973,3,False
794,5368,Autobiographer,2018-08-15T23:02:12.380,3,False
799,12730,Autobiographer,2018-08-22T17:30:38.880,3,False
800,12377,Autobiographer,2018-08-23T06:45:03.767,3,False
805,12752,Autobiographer,2018-08-25T15:30:32.120,3,False
806,12714,Autobiographer,2018-09-01T08:45:20.497,3,False
815,12917,Autobiographer,2018-09-12T22:45:48.997,3,False
816,12929,Autobiographer,2018-09-12T23:00:41.900,3,False
817,10615,Autobiographer,2018-09-13T12:00:02.080,3,False
821,12965,Autobiographer,2018-09-16T02:01:05.813,3,False
823,13008,Autobiographer,2018-09-20T16:15:35.640,3,False
827,216,Autobiographer,2018-09-28T17:00:49.657,3,False
829,13100,Autobiographer,2018-10-01T12:45:18.643,3,False
839,11097,Autobiographer,2018-10-10T17:45:01.223,3,False
844,2641,Autobiographer,2018-10-23T06:00:20.093,3,False
851,13134,Autobiographer,2018-10-31T11:00:29.650,3,False
862,13625,Autobiographer,2018-11-29T04:45:12.273,3,False
863,13639,Autobiographer,2018-11-30T18:15:09.590,3,False
870,13791,Autobiographer,2018-12-12T22:30:20.043,3,False
871,13618,Autobiographer,2018-12-14T22:45:03.773,3,False
872,13821,Autobiographer,2018-12-15T03:15:11.183,3,False
873,13822,Autobiographer,2018-12-15T05:30:18.940,3,False
874,13840,Autobiographer,2018-12-16T14:30:08.247,3,False
875,13891,Autobiographer,2018-12-20T07:30:15.300,3,False
876,13633,Autobiographer,2018-12-20T18:00:32.923,3,False
877,13841,Autobiographer,2018-12-22T18:45:07.153,3,False
879,13962,Autobiographer,2018-12-26T03:30:15.910,3,False
882,13774,Autobiographer,2019-01-05T18:00:06.607,3,False
883,13819,Autobiographer,2019-01-06T19:15:07.003,3,False
886,14045,Autobiographer,2019-01-09T02:30:12.950,3,False
916,14174,Autobiographer,2019-01-15T02:15:08.383,3,False
917,14256,Autobiographer,2019-01-19T08:00:01.047,3,False
923,14343,Autobiographer,2019-01-26T18:30:18.220,3,False
925,14136,Autobiographer,2019-01-28T16:00:22.557,3,False
926,13813,Autobiographer,2019-02-01T23:30:02.370,3,False
929,14438,Autobiographer,2019-02-04T23:00:18.230,3,False
931,13883,Autobiographer,2019-02-06T19:00:33.730,3,False
933,14300,Autobiographer,2019-02-11T22:15:03.373,3,False
935,14544,Autobiographer,2019-02-15T08:45:04.457,3,False
938,9575,Autobiographer,2019-02-25T17:00:32.330,3,False
940,10910,Autobiographer,2019-03-02T14:45:14.113,3,False
941,120,Autobiographer,2019-03-05T15:00:22.953,3,False
943,14778,Autobiographer,2019-03-08T11:30:00.913,3,False
945,5168,Autobiographer,2019-03-15T18:15:06.690,3,False
950,14920,Autobiographer,2019-04-02T05:45:09.743,3,False
952,13692,Autobiographer,2019-04-09T21:15:06.773,3,False
954,13012,Autobiographer,2019-04-19T00:30:18.857,3,False
959,16335,Autobiographer,2019-05-02T08:45:12.257,3,False
960,14957,Autobiographer,2019-05-03T08:45:05.487,3,False
963,12476,Autobiographer,2019-05-10T16:00:11.507,3,False
966,16569,Autobiographer,2019-05-25T03:01:18.340,3,False
968,10167,Autobiographer,2019-05-28T20:45:13.747,3,False
973,12718,Autobiographer,2019-06-08T19:00:05.610,3,False
977,16726,Autobiographer,2019-06-11T17:45:06.997,3,False
981,1722,Autobiographer,2019-06-19T15:00:50.010,3,False
985,11255,Autobiographer,2019-06-20T13:15:04.063,3,False
990,6070,Autobiographer,2019-06-29T00:00:27.843,3,False
991,12562,Autobiographer,2019-07-01T20:30:13.167,3,False
992,13242,Autobiographer,2019-07-02T01:00:20.367,3,False
995,16893,Autobiographer,2019-07-08T03:00:20.320,3,False
997,10932,Autobiographer,2019-07-09T07:00:23.007,3,False
998,16945,Autobiographer,2019-07-10T12:15:01.267,3,False
1001,9084,Autobiographer,2019-07-14T15:15:02.727,3,False
1006,17154,Autobiographer,2019-07-26T15:45:04.200,3,False
1007,14943,Autobiographer,2019-07-29T09:00:22.270,3,False
1009,8378,Autobiographer,2019-07-31T19:15:00.647,3,False
1011,9793,Autobiographer,2019-08-05T20:45:03.103,3,False
1014,11003,Autobiographer,2019-08-07T07:30:26.293,3,False
1015,5439,Autobiographer,2019-08-08T01:15:02.883,3,False
1016,14598,Autobiographer,2019-08-08T05:00:15.867,3,False
1018,17272,Autobiographer,2019-08-11T21:00:01.437,3,False
1019,17257,Autobiographer,2019-08-14T13:30:11.260,3,False
1030,15159,Autobiographer,2019-09-17T11:45:09.990,3,False
1036,18732,Autobiographer,2019-10-06T02:45:03.127,3,False
1040,11278,Autobiographer,2019-10-10T22:45:05.793,3,False
1042,18934,Autobiographer,2019-10-25T06:45:03.520,3,False
1043,18937,Autobiographer,2019-10-25T07:45:03.610,3,False
1044,18938,Autobiographer,2019-10-25T08:45:05.020,3,False
1045,18939,Autobiographer,2019-10-25T10:00:22.850,3,False
1049,18947,Autobiographer,2019-10-26T03:15:14.073,3,False
1050,18970,Autobiographer,2019-10-28T03:30:05.140,3,False
1051,18971,Autobiographer,2019-10-28T04:30:14.987,3,False
1052,18973,Autobiographer,2019-10-28T07:15:08.320,3,False
1053,18974,Autobiographer,2019-10-28T08:00:05.173,3,False
1054,18975,Autobiographer,2019-10-28T08:45:08.593,3,False
1055,6637,Autobiographer,2019-10-28T13:30:04.680,3,False
1058,19000,Autobiographer,2019-10-31T04:30:04.183,3,False
1061,9328,Autobiographer,2019-11-07T14:00:28.977,3,False
1062,19120,Autobiographer,2019-11-11T07:00:30.867,3,False
1100,19108,Autobiographer,2019-11-18T06:30:19.553,3,False
1102,19195,Autobiographer,2019-11-20T00:00:29.027,3,False
1104,18855,Autobiographer,2019-11-20T12:30:12.197,3,False
1108,18862,Autobiographer,2019-11-25T17:15:12.113,3,False
1113,17044,Autobiographer,2019-12-02T14:00:12.587,3,False
1114,18877,Autobiographer,2019-12-03T19:15:07.510,3,False
1118,19422,Autobiographer,2019-12-13T21:30:18.553,3,False
1121,19390,Autobiographer,2019-12-16T01:30:13.490,3,False
1124,14061,Autobiographer,2019-12-19T18:30:19.443,3,False
1126,15056,Autobiographer,2019-12-21T14:15:07.747,3,False
1127,10321,Autobiographer,2019-12-23T19:45:08.957,3,False
1128,19333,Autobiographer,2019-12-31T16:15:01.797,3,False
1158,19787,Autobiographer,2020-01-15T07:00:22.733,3,False
1159,19289,Autobiographer,2020-01-18T08:45:08.830,3,False
1166,19934,Autobiographer,2020-01-27T09:00:24.263,3,False
1167,20020,Autobiographer,2020-02-05T13:45:15.410,3,False
1168,20025,Autobiographer,2020-02-06T01:00:23.500,3,False
1172,20180,Autobiographer,2020-02-22T07:30:24.230,3,False
1173,11157,Autobiographer,2020-02-25T03:45:17.860,3,False
1174,20228,Autobiographer,2020-02-27T10:45:18.273,3,False
1175,20307,Autobiographer,2020-03-06T07:00:41.827,3,False
1179,20501,Autobiographer,2020-03-26T19:46:05.730,3,False
1183,1752,Autobiographer,2020-03-28T22:00:05.937,3,False
1187,20636,Autobiographer,2020-04-05T13:00:10.790,3,False
1197,17300,Autobiographer,2020-04-28T13:01:30.197,3,False
1199,21044,Autobiographer,2020-05-04T13:45:40.110,3,False
1204,21255,Autobiographer,2020-05-18T09:31:40.137,3,False
1209,16299,Autobiographer,2020-06-07T21:33:50.387,3,False
1217,21609,Autobiographer,2020-06-21T11:07:30.637,3,False
1220,14562,Autobiographer,2020-06-28T21:31:50.170,3,False
1222,21747,Autobiographer,2020-07-01T15:32:10.177,3,False
1228,18785,Autobiographer,2020-07-14T18:34:25.603,3,False
1230,12625,Autobiographer,2020-07-25T15:30:20.107,3,False
1234,23193,Autobiographer,2020-08-11T03:34:20.433,3,False
1236,9961,Autobiographer,2020-08-21T17:31:25.227,3,False
1238,6479,Autobiographer,2020-09-02T14:16:55.163,3,False
1247,23170,Autobiographer,2020-09-14T17:30:30.090,3,False
1249,23602,Autobiographer,2020-09-15T01:45:30.070,3,False
1251,12368,Autobiographer,2020-09-29T13:48:50.493,3,False
1257,23625,Autobiographer,2020-10-16T14:33:30.417,3,False
1261,16467,Autobiographer,2020-10-30T16:32:50.357,3,False
1264,6891,Autobiographer,2020-11-05T15:48:40.327,3,False
1267,13683,Autobiographer,2020-11-14T09:03:20.377,3,False
1272,25570,Autobiographer,2020-12-04T21:07:00.677,3,False
1276,6625,Autobiographer,2020-12-16T12:02:35.263,3,False
1277,21278,Autobiographer,2020-12-18T06:16:00.137,3,False
1281,25816,Autobiographer,2020-12-21T03:34:15.427,3,False
1282,13693,Autobiographer,2020-12-21T05:18:20.310,3,False
1284,18804,Autobiographer,2020-12-21T18:31:10.107,3,False
1316,26336,Autobiographer,2021-01-15T17:04:55.467,3,False
1319,9943,Autobiographer,2021-01-17T18:47:15.223,3,False
1331,26487,Autobiographer,2021-01-25T10:16:50.193,3,False
1332,15075,Autobiographer,2021-01-25T15:00:35.020,3,False
1334,21421,Autobiographer,2021-01-25T16:01:55.163,3,False
1335,19914,Autobiographer,2021-01-25T18:02:40.227,3,False
1341,15102,Autobiographer,2021-02-03T21:46:00.080,3,False
1344,26715,Autobiographer,2021-02-09T01:34:00.447,3,False
1345,25591,Autobiographer,2021-02-12T00:45:10.040,3,False
1346,26876,Autobiographer,2021-02-17T08:48:10.390,3,False
1350,19058,Autobiographer,2021-02-22T21:31:35.180,3,False
1351,27053,Autobiographer,2021-02-25T03:30:45.133,3,False
1352,27076,Autobiographer,2021-02-26T11:32:35.323,3,False
1353,25947,Autobiographer,2021-03-04T17:30:05.033,3,False
1354,27198,Autobiographer,2021-03-06T02:46:25.193,3,False
1356,27220,Autobiographer,2021-03-07T12:33:45.377,3,False
1357,1690,Autobiographer,2021-03-10T16:46:30.133,3,False
1359,27374,Autobiographer,2021-03-17T05:16:05.107,3,False
1360,14900,Autobiographer,2021-03-18T17:06:40.617,3,False
1361,26884,Autobiographer,2021-03-18T17:06:40.617,3,False
2367,9384,Autobiographer,2021-04-02T16:18:30.413,3,False
2374,27908,Autobiographer,2021-04-16T12:58:58.537,3,False
2375,27949,Autobiographer,2021-04-19T10:48:27.123,3,False
2377,691,Autobiographer,2021-04-25T04:49:30.450,3,False
2379,28077,Autobiographer,2021-04-26T18:09:10.923,3,False
2381,20272,Autobiographer,2021-05-04T09:33:00.263,3,False
2383,28275,Autobiographer,2021-05-10T05:04:10.397,3,False
2384,28343,Autobiographer,2021-05-12T15:31:45.220,3,False
2387,28390,Autobiographer,2021-05-16T01:15:50.077,3,False
2389,28440,Autobiographer,2021-05-19T05:17:05.180,3,False
2391,28508,Autobiographer,2021-05-24T14:33:40.403,3,False
2393,28492,Autobiographer,2021-05-24T15:33:45.407,3,False
2394,28640,Autobiographer,2021-05-30T02:15:45.090,3,False
2396,8854,Autobiographer,2021-06-06T15:47:55.330,3,False
2398,19447,Autobiographer,2021-06-14T04:30:00.013,3,False
2403,29017,Autobiographer,2021-06-21T15:47:55.260,3,False
2411,29271,Autobiographer,2021-07-10T05:31:40.277,3,False
2412,26007,Autobiographer,2021-07-16T08:45:45.107,3,False
2415,26928,Autobiographer,2021-07-19T18:04:40.393,3,False
2416,29404,Autobiographer,2021-07-20T02:31:25.147,3,False
2417,23477,Autobiographer,2021-07-21T08:45:15.053,3,False
2419,29250,Autobiographer,2021-07-26T08:32:50.270,3,False
2420,23171,Autobiographer,2021-07-27T13:36:15.597,3,False
2424,23583,Autobiographer,2021-08-09T08:46:25.110,3,False
2427,30699,Autobiographer,2021-08-10T05:16:20.167,3,False
2428,30712,Autobiographer,2021-08-11T10:19:25.413,3,False
2430,6996,Autobiographer,2021-08-20T16:33:35.340,3,False
2433,7352,Autobiographer,2021-08-26T17:48:10.327,3,False
2434,26300,Autobiographer,2021-09-02T18:16:15.323,3,False
2435,21189,Autobiographer,2021-09-03T18:46:55.197,3,False
2437,1344,Autobiographer,2021-09-06T10:17:15.180,3,False
2438,28098,Autobiographer,2021-09-13T03:08:25.827,3,False
2439,31143,Autobiographer,2021-09-13T09:32:15.267,3,False
2440,31149,Autobiographer,2021-09-13T15:32:25.297,3,False
2441,31227,Autobiographer,2021-09-18T11:32:00.183,3,False
2443,31407,Autobiographer,2021-09-29T20:02:10.353,3,False
2446,27865,Autobiographer,2021-10-01T11:02:55.553,3,False
2450,31443,Autobiographer,2021-10-04T14:32:20.200,3,False
2451,27273,Autobiographer,2021-10-05T20:30:25.030,3,False
2453,29400,Autobiographer,2021-10-06T18:00:45.750,3,False
2456,12956,Autobiographer,2021-10-23T06:03:25.330,3,False
2461,23146,Autobiographer,2021-10-31T08:03:40.377,3,False
2463,31930,Autobiographer,2021-11-11T11:48:10.230,3,False
2467,32063,Autobiographer,2021-11-23T21:45:35.060,3,False
2468,32098,Autobiographer,2021-11-26T12:32:05.123,3,False
2470,19754,Autobiographer,2021-11-30T06:02:30.217,3,False
2471,31811,Autobiographer,2021-11-30T22:48:00.270,3,False
2472,31762,Autobiographer,2021-12-06T19:00:35.077,3,False
2473,32196,Autobiographer,2021-12-10T16:06:20.547,3,False
2474,32117,Autobiographer,2021-12-10T21:02:00.963,3,False
2476,32267,Autobiographer,2021-12-11T06:02:45.230,3,False
2482,8008,Autobiographer,2021-12-25T17:33:50.360,3,False
2486,32662,Autobiographer,2022-01-12T07:46:20.123,3,False
2505,32722,Autobiographer,2022-01-16T16:04:30.423,3,False
2510,32844,Autobiographer,2022-01-25T13:48:25.347,3,False
2511,32875,Autobiographer,2022-01-28T07:08:55.917,3,False
2512,32926,Autobiographer,2022-02-01T11:45:55.083,3,False
2513,32048,Autobiographer,2022-02-05T05:15:30.047,3,False
2514,33026,Autobiographer,2022-02-07T17:01:15.153,3,False
2515,33030,Autobiographer,2022-02-15T18:07:40.787,3,False
2517,28397,Autobiographer,2022-02-19T01:34:20.503,3,False
2518,33206,Autobiographer,2022-02-20T01:03:35.433,3,False
2519,33124,Autobiographer,2022-02-24T19:07:40.977,3,False
2521,33365,Autobiographer,2022-03-02T15:45:05.027,3,False
2523,19482,Autobiographer,2022-03-10T16:08:05.807,3,False
2525,33013,Autobiographer,2022-03-16T17:03:40.327,3,False
2531,33970,Autobiographer,2022-04-27T18:45:10.420,3,False
2532,34020,Autobiographer,2022-05-03T05:03:30.430,3,False
2534,34136,Autobiographer,2022-05-13T07:47:45.187,3,False
2537,34264,Autobiographer,2022-05-25T13:47:50.247,3,False
2541,12948,Autobiographer,2022-06-01T16:30:10.133,3,False
2542,34257,Autobiographer,2022-06-02T06:05:35.647,3,False
2544,33956,Autobiographer,2022-06-05T01:18:45.357,3,False
2548,34404,Autobiographer,2022-06-07T14:17:40.377,3,False
2551,34461,Autobiographer,2022-06-13T11:45:05.030,3,False
2554,19682,Autobiographer,2022-06-20T00:30:05.023,3,False
2556,34560,Autobiographer,2022-06-24T01:32:05.193,3,False
2558,30940,Autobiographer,2022-06-24T15:47:00.210,3,False
2561,34575,Autobiographer,2022-06-25T09:07:40.797,3,False
2565,34718,Autobiographer,2022-07-16T18:17:20.177,3,False
2567,33695,Autobiographer,2022-07-18T09:08:55.993,3,False
2570,34876,Autobiographer,2022-07-27T23:31:20.163,3,False
2571,503,Autobiographer,2022-07-31T08:18:00.323,3,False
2575,34943,Autobiographer,2022-08-05T01:48:35.340,3,False
2578,33527,Autobiographer,2022-08-06T05:30:15.067,3,False
2581,34977,Autobiographer,2022-08-08T01:46:05.160,3,False
2584,35001,Autobiographer,2022-08-10T16:34:05.493,3,False
2585,35051,Autobiographer,2022-08-15T20:30:05.070,3,False
2588,4708,Autobiographer,2022-08-22T13:46:50.170,3,False
2591,35189,Autobiographer,2022-08-27T13:47:35.257,3,False
2594,35224,Autobiographer,2022-09-04T14:16:30.130,3,False
2601,27586,Autobiographer,2022-09-15T15:32:25.347,3,False
2602,35385,Autobiographer,2022-09-17T02:06:20.590,3,False
2603,31538,Autobiographer,2022-09-20T13:47:45.237,3,False
2612,35678,Autobiographer,2022-10-17T02:47:25.300,3,False
2614,35765,Autobiographer,2022-10-21T08:48:05.403,3,False
2615,15106,Autobiographer,2022-10-24T18:02:55.323,3,False
2621,36030,Autobiographer,2022-11-10T05:18:25.423,3,False
2623,36067,Autobiographer,2022-11-13T15:48:05.333,3,False
2624,32050,Autobiographer,2022-11-13T17:30:20.137,3,False
2625,13223,Autobiographer,2022-11-14T13:46:35.267,3,False
2626,36065,Autobiographer,2022-11-16T10:34:05.503,3,False
2631,36341,Autobiographer,2022-12-04T21:07:15.910,3,False
2634,36486,Autobiographer,2022-12-16T07:35:15.720,3,False
2639,30845,Autobiographer,2022-12-22T21:49:20.517,3,False
2643,36625,Autobiographer,2022-12-27T16:49:15.480,3,False
2644,19005,Autobiographer,2022-12-27T22:15:50.117,3,False
2645,36641,Autobiographer,2022-12-28T20:18:20.377,3,False
2667,34433,Autobiographer,2023-02-03T11:48:10.363,3,False
2668,35382,Autobiographer,2023-02-05T23:17:25.253,3,False
2670,37207,Autobiographer,2023-02-10T18:45:20.077,3,False
2675,34543,Autobiographer,2023-03-16T11:07:00.843,3,False
2682,36348,Autobiographer,2023-04-10T06:00:30.147,3,False
2686,38079,Autobiographer,2023-04-23T23:31:40.200,3,False
2689,38084,Autobiographer,2023-05-12T07:46:25.200,3,False
2690,11275,Autobiographer,2023-05-12T17:10:41.340,3,False
2691,13245,Autobiographer,2023-05-12T17:10:41.340,3,False
2692,23861,Autobiographer,2023-05-12T17:10:41.340,3,False
2695,37870,Autobiographer,2023-05-21T06:34:25.510,3,False
2697,38482,Autobiographer,2023-05-29T18:49:00.507,3,False
2700,38584,Autobiographer,2023-06-05T10:04:25.597,3,False
2701,38544,Autobiographer,2023-06-08T01:45:30.070,3,False
2705,38587,Autobiographer,2023-06-10T07:17:25.343,3,False
2706,38706,Autobiographer,2023-06-12T04:07:55.923,3,False
2707,38725,Autobiographer,2023-06-13T11:06:20.760,3,False
2710,38822,Autobiographer,2023-06-19T09:03:30.443,3,False
2711,36296,Autobiographer,2023-06-20T05:30:45.117,3,False
2712,35872,Autobiographer,2023-06-20T09:32:55.380,3,False
2713,4308,Autobiographer,2023-06-21T03:32:25.327,3,False
2715,38897,Autobiographer,2023-06-24T15:04:55.643,3,False
2718,38998,Autobiographer,2023-07-03T09:47:20.323,3,False
2719,38999,Autobiographer,2023-07-03T11:34:45.587,3,False
2722,36315,Autobiographer,2023-07-10T11:45:45.093,3,False
2724,29429,Autobiographer,2023-07-25T23:33:20.500,3,False
2725,39303,Autobiographer,2023-07-26T05:17:55.333,3,False
2726,39390,Autobiographer,2023-08-02T04:08:56.017,3,False
2727,36297,Autobiographer,2023-08-02T05:08:00.923,3,False
2728,39428,Autobiographer,2023-08-04T03:32:00.227,3,False
2730,39480,Autobiographer,2023-08-08T19:06:25.783,3,False
2731,39420,Autobiographer,2023-08-09T09:49:05.487,3,False
2733,39532,Autobiographer,2023-08-13T04:34:05.493,3,False
2734,39475,Autobiographer,2023-08-14T21:06:25.720,3,False
2735,39619,Autobiographer,2023-08-20T05:30:20.057,3,False
2737,39692,Autobiographer,2023-08-27T10:34:00.520,3,False
2739,39752,Autobiographer,2023-09-03T06:01:30.213,3,False
2741,39691,Autobiographer,2023-09-06T16:18:05.327,3,False
2742,39823,Autobiographer,2023-09-08T22:31:00.183,3,False
2744,39838,Autobiographer,2023-09-10T05:09:31.137,3,False
2745,39879,Autobiographer,2023-09-14T12:47:55.367,3,False
2747,39942,Autobiographer,2023-09-20T10:31:50.400,3,False
2748,39980,Autobiographer,2023-09-25T16:18:55.447,3,False
2749,39501,Autobiographer,2023-09-26T09:47:35.297,3,False
2750,40030,Autobiographer,2023-09-30T15:07:10.830,3,False
2751,40054,Autobiographer,2023-10-02T10:47:30.253,3,False
2752,40071,Autobiographer,2023-10-03T13:49:55.613,3,False
2753,35875,Autobiographer,2023-10-05T07:30:00.477,3,False
2754,40086,Autobiographer,2023-10-05T13:06:05.740,3,False
2756,40112,Autobiographer,2023-10-08T12:50:20.643,3,False
2758,40124,Autobiographer,2023-10-09T19:34:55.603,3,False
2760,37208,Autobiographer,2023-10-13T20:31:25.227,3,False
2761,40173,Autobiographer,2023-10-14T12:30:35.077,3,False
2762,40190,Autobiographer,2023-10-16T18:45:20.040,3,False
2768,36802,Autobiographer,2023-11-02T22:48:20.347,3,False
2770,23486,Autobiographer,2023-11-04T07:49:00.473,3,False
2771,40406,Autobiographer,2023-11-05T06:31:10.183,3,False
2772,40407,Autobiographer,2023-11-05T12:32:00.230,3,False
2773,40431,Autobiographer,2023-11-07T11:47:00.243,3,False
2775,40465,Autobiographer,2023-11-10T10:49:15.467,3,False
2776,40494,Autobiographer,2023-11-13T08:46:35.243,3,False
2777,40513,Autobiographer,2023-11-15T02:06:15.807,3,False
2780,40547,Autobiographer,2023-11-18T13:18:30.363,3,False
2781,40569,Autobiographer,2023-11-20T04:31:40.157,3,False
2783,40589,Autobiographer,2023-11-22T01:49:10.587,3,False
2787,40666,Autobiographer,2023-11-29T21:16:20.200,3,False
2788,36085,Autobiographer,2023-11-30T10:30:40.117,3,False
2791,40720,Autobiographer,2023-12-04T13:46:15.200,3,False
2792,40721,Autobiographer,2023-12-04T13:46:15.200,3,False
2793,40725,Autobiographer,2023-12-05T02:35:15.560,3,False
2794,40731,Autobiographer,2023-12-05T15:49:05.523,3,False
2796,40759,Autobiographer,2023-12-07T21:09:11.140,3,False
2797,2164,Autobiographer,2023-12-08T09:18:45.510,3,False
2798,40765,Autobiographer,2023-12-08T10:32:15.283,3,False
2799,40833,Autobiographer,2023-12-14T04:07:00.957,3,False
2801,40886,Autobiographer,2023-12-19T04:32:55.277,3,False
2802,36295,Autobiographer,2023-12-19T05:48:35.403,3,False
2803,40888,Autobiographer,2023-12-19T05:48:35.403,3,False
2804,36300,Autobiographer,2023-12-19T11:00:40.097,3,False
2805,40898,Autobiographer,2023-12-20T04:32:50.290,3,False
2806,35918,Autobiographer,2023-12-20T05:31:00.150,3,False
2807,40901,Autobiographer,2023-12-20T06:09:11.153,3,False
2808,40902,Autobiographer,2023-12-20T06:49:05.507,3,False
2809,36302,Autobiographer,2023-12-20T07:16:35.287,3,False
2810,40904,Autobiographer,2023-12-20T09:32:30.293,3,False
2811,40905,Autobiographer,2023-12-20T09:48:20.417,3,False
2812,40946,Autobiographer,2023-12-28T20:31:15.150,3,False
2817,41124,Autobiographer,2024-01-11T13:07:30.890,3,False
2832,41155,Autobiographer,2024-01-15T07:05:20.677,3,False
2833,38633,Autobiographer,2024-01-17T09:17:35.273,3,False
2834,41217,Autobiographer,2024-01-20T05:09:01.073,3,False
2836,41235,Autobiographer,2024-01-22T12:48:30.443,3,False
2839,41255,Autobiographer,2024-01-24T11:17:30.293,3,False
2841,36704,Autobiographer,2024-01-27T05:46:05.147,3,False
2842,39645,Autobiographer,2024-01-28T20:18:50.430,3,False
2844,41421,Autobiographer,2024-02-09T05:30:25.050,3,False
2846,33078,Autobiographer,2024-02-09T17:34:55.620,3,False
2847,9502,Autobiographer,2024-02-10T19:09:01.110,3,False
2849,41479,Autobiographer,2024-02-14T04:33:55.413,3,False
2850,41099,Autobiographer,2024-02-14T10:33:05.393,3,False
2852,41508,Autobiographer,2024-02-16T15:04:40.620,3,False
2853,41532,Autobiographer,2024-02-19T10:45:25.037,3,False
2857,37433,Autobiographer,2024-02-23T18:45:40.160,3,False
2858,41581,Autobiographer,2024-02-24T10:31:50.213,3,False
2859,42586,Autobiographer,2024-02-25T12:19:10.490,3,False
2860,33378,Autobiographer,2024-02-26T20:49:40.557,3,False
2861,42610,Autobiographer,2024-02-28T10:19:50.557,3,False
2862,42607,Autobiographer,2024-02-28T12:07:26.043,3,False
2863,42644,Autobiographer,2024-03-02T16:30:30.060,3,False
2866,40571,Autobiographer,2024-03-05T14:49:20.557,3,False
2868,42677,Autobiographer,2024-03-06T12:30:10.023,3,False
2871,42721,Autobiographer,2024-03-12T06:19:10.497,3,False
2872,42722,Autobiographer,2024-03-12T10:33:20.327,3,False
2874,42785,Autobiographer,2024-03-19T12:33:10.367,3,False
2875,42804,Autobiographer,2024-03-20T20:33:20.373,3,False
2878,42870,Autobiographer,2024-03-27T07:18:25.400,3,False
2879,42899,Autobiographer,2024-03-29T06:32:40.253,3,False
51,62,Scholar,2016-01-12T22:05:47.840,3,False
81,23,Scholar,2016-01-13T00:29:03.237,3,False
227,150,Scholar,2016-01-29T05:07:27.830,3,False
263,98,Scholar,2016-02-13T17:02:32.160,3,False
267,545,Scholar,2016-02-15T16:35:00.823,3,False
298,65,Scholar,2016-04-18T11:46:42.870,3,False
303,107,Scholar,2016-04-30T02:45:58.693,3,False
341,2111,Scholar,2016-06-13T21:47:23.577,3,False
355,2338,Scholar,2016-07-01T07:58:16.073,3,False
362,26,Scholar,2016-07-05T17:29:02.887,3,False
364,2497,Scholar,2016-07-14T17:02:11.363,3,False
402,4762,Scholar,2016-11-28T09:12:10.190,3,False
478,2146,Scholar,2017-01-25T19:34:02.313,3,False
533,6417,Scholar,2017-05-29T05:42:01.020,3,False
558,5686,Scholar,2017-07-24T19:28:13.223,3,False
724,5740,Scholar,2018-06-07T11:47:15.530,3,False
796,4927,Scholar,2018-08-19T00:30:19.273,3,False
814,8884,Scholar,2018-09-09T17:01:22.417,3,False
836,12377,Scholar,2018-10-08T20:15:03.533,3,False
951,4922,Scholar,2019-04-04T17:30:03.157,3,False
976,2082,Scholar,2019-06-11T02:30:32.667,3,False
983,1722,Scholar,2019-06-20T08:45:23.397,3,False
1133,13883,Scholar,2020-01-07T14:00:00.247,3,False
1184,3864,Scholar,2020-03-30T15:00:39.050,3,False
1196,11242,Scholar,2020-04-23T11:02:15.263,3,False
1218,19482,Scholar,2020-06-21T16:46:05.180,3,False
1342,26170,Scholar,2021-02-05T04:02:45.220,3,False
2598,21979,Scholar,2022-09-15T12:17:20.243,3,False
2766,36802,Scholar,2023-11-01T14:17:35.327,3,False
2876,34132,Scholar,2024-03-24T07:07:15.860,3,False
438,10,Yearling,2017-01-12T18:39:10.453,2,False
439,11,Yearling,2017-01-12T18:39:10.453,2,False
440,16,Yearling,2017-01-12T18:39:10.453,2,False
441,17,Yearling,2017-01-12T18:39:10.453,2,False
442,20,Yearling,2017-01-12T19:39:17.007,2,False
443,26,Yearling,2017-01-12T19:39:17.007,2,False
444,36,Yearling,2017-01-12T19:39:17.007,2,False
445,37,Yearling,2017-01-12T19:39:17.007,2,False
446,40,Yearling,2017-01-12T19:39:17.007,2,False
447,43,Yearling,2017-01-12T19:39:17.007,2,False
448,46,Yearling,2017-01-12T19:39:17.007,2,False
449,47,Yearling,2017-01-12T19:39:17.007,2,False
450,53,Yearling,2017-01-12T20:00:50.033,2,False
451,56,Yearling,2017-01-12T20:00:50.033,2,False
452,61,Yearling,2017-01-12T20:32:05.127,2,False
453,62,Yearling,2017-01-12T20:32:05.127,2,False
454,65,Yearling,2017-01-12T20:32:05.127,2,False
455,66,Yearling,2017-01-12T20:32:05.127,2,False
456,75,Yearling,2017-01-12T20:47:21.897,2,False
457,91,Yearling,2017-01-12T22:17:07.083,2,False
458,98,Yearling,2017-01-12T22:17:07.083,2,False
459,107,Yearling,2017-01-12T22:17:07.083,2,False
460,115,Yearling,2017-01-13T00:00:45.947,2,False
461,118,Yearling,2017-01-13T00:00:45.947,2,False
462,131,Yearling,2017-01-13T00:00:45.947,2,False
463,156,Yearling,2017-01-13T03:59:32.120,2,False
464,157,Yearling,2017-01-13T03:59:32.120,2,False
465,163,Yearling,2017-01-13T06:05:38.363,2,False
466,168,Yearling,2017-01-13T08:27:27.780,2,False
467,170,Yearling,2017-01-13T08:27:27.780,2,False
468,174,Yearling,2017-01-13T08:58:34.557,2,False
469,204,Yearling,2017-01-13T18:26:13.317,2,False
470,212,Yearling,2017-01-13T21:01:41.613,2,False
471,233,Yearling,2017-01-14T14:54:04.270,2,False
475,265,Yearling,2017-01-16T23:31:38.300,2,False
476,298,Yearling,2017-01-20T16:07:37.683,2,False
480,334,Yearling,2017-01-27T14:25:20.950,2,False
498,612,Yearling,2017-02-18T02:52:59.617,2,False
505,854,Yearling,2017-03-07T01:47:27.140,2,False
512,1211,Yearling,2017-03-31T05:44:32.313,2,False
515,1397,Yearling,2017-04-14T18:12:28.950,2,False
516,1400,Yearling,2017-04-14T20:13:28.100,2,False
518,283,Yearling,2017-04-20T14:12:46.623,2,False
524,1680,Yearling,2017-05-05T20:34:42.607,2,False
538,1998,Yearling,2017-06-02T14:50:02.760,2,False
546,2111,Yearling,2017-06-12T01:50:26.237,2,False
548,2146,Yearling,2017-06-15T12:11:59.963,2,False
550,2176,Yearling,2017-06-17T05:11:21.963,2,False
562,787,Yearling,2017-08-04T19:00:12.793,2,False
564,3839,Yearling,2017-08-10T13:49:21.230,2,False
586,2082,Yearling,2017-09-18T13:01:45.903,2,False
589,4483,Yearling,2017-10-08T01:33:06.400,2,False
596,3953,Yearling,2017-10-20T16:55:50.657,2,False
597,4654,Yearling,2017-10-22T23:21:33.097,2,False
598,4762,Yearling,2017-11-02T21:45:00.407,2,False
601,4922,Yearling,2017-11-17T14:03:20.213,2,False
602,4927,Yearling,2017-11-17T16:01:29.650,2,False
604,4454,Yearling,2017-11-21T00:14:03.897,2,False
619,5518,Yearling,2018-01-05T14:42:08.930,2,False
623,5576,Yearling,2018-01-09T23:29:56.600,2,False
626,10,Yearling,2018-01-12T18:39:04.533,2,False
627,16,Yearling,2018-01-12T18:39:04.533,2,False
628,20,Yearling,2018-01-12T18:55:59.647,2,False
629,26,Yearling,2018-01-12T18:55:59.647,2,False
630,36,Yearling,2018-01-12T19:41:32.770,2,False
631,37,Yearling,2018-01-12T19:41:32.770,2,False
632,40,Yearling,2018-01-12T19:41:32.770,2,False
633,43,Yearling,2018-01-12T19:41:32.770,2,False
634,47,Yearling,2018-01-12T19:41:32.770,2,False
635,53,Yearling,2018-01-12T19:41:32.770,2,False
636,56,Yearling,2018-01-12T19:59:20.717,2,False
637,61,Yearling,2018-01-12T20:14:20.730,2,False
638,62,Yearling,2018-01-12T20:14:20.730,2,False
639,66,Yearling,2018-01-12T20:44:38.370,2,False
640,75,Yearling,2018-01-12T20:44:38.370,2,False
641,91,Yearling,2018-01-12T21:16:37.703,2,False
642,98,Yearling,2018-01-12T21:48:45.553,2,False
643,115,Yearling,2018-01-12T22:38:09.690,2,False
644,131,Yearling,2018-01-13T00:27:41.993,2,False
645,156,Yearling,2018-01-13T04:48:44.150,2,False
646,168,Yearling,2018-01-13T07:57:40.927,2,False
647,170,Yearling,2018-01-13T09:03:07.717,2,False
648,174,Yearling,2018-01-13T09:03:07.717,2,False
649,204,Yearling,2018-01-13T18:03:53.670,2,False
650,233,Yearling,2018-01-14T15:34:43.467,2,False
652,5704,Yearling,2018-01-19T16:14:13.993,2,False
654,298,Yearling,2018-01-20T16:20:02.283,2,False
656,334,Yearling,2018-01-27T14:36:58.690,2,False
672,265,Yearling,2018-02-27T17:48:10.177,2,False
673,854,Yearling,2018-03-07T01:33:17.413,2,False
678,6417,Yearling,2018-03-16T08:02:12.367,2,False
687,1211,Yearling,2018-03-31T05:26:37.980,2,False
695,5740,Yearling,2018-04-10T08:00:51.623,2,False
706,6851,Yearling,2018-04-21T18:42:38.607,2,False
707,6853,Yearling,2018-04-22T03:13:11.473,2,False
718,1998,Yearling,2018-06-02T14:44:17.963,2,False
719,2338,Yearling,2018-06-04T09:56:02.423,2,False
725,7362,Yearling,2018-06-08T03:41:00.937,2,False
727,254,Yearling,2018-06-09T02:57:37.860,2,False
728,2082,Yearling,2018-06-09T17:56:04.490,2,False
734,2146,Yearling,2018-06-15T12:41:37.453,2,False
743,2541,Yearling,2018-06-28T15:27:32.863,2,False
768,1397,Yearling,2018-07-29T11:15:18.747,2,False
769,48,Yearling,2018-07-30T16:30:13.220,2,False
770,2627,Yearling,2018-07-30T17:15:11.910,2,False
771,6812,Yearling,2018-07-31T01:01:08.533,2,False
775,612,Yearling,2018-08-01T14:02:34.977,2,False
781,102,Yearling,2018-08-09T16:45:51.087,2,False
783,3839,Yearling,2018-08-10T12:30:10.297,2,False
788,8103,Yearling,2018-08-14T12:15:34.903,2,False
790,7873,Yearling,2018-08-15T02:45:21.667,2,False
795,118,Yearling,2018-08-17T17:45:42.530,2,False
798,3953,Yearling,2018-08-21T08:30:28.287,2,False
803,45,Yearling,2018-08-24T01:00:47.660,2,False
824,150,Yearling,2018-09-21T06:15:23.627,2,False
825,1190,Yearling,2018-09-25T15:15:49.477,2,False
830,4454,Yearling,2018-10-06T00:00:14.883,2,False
835,4483,Yearling,2018-10-08T01:30:00.667,2,False
843,4654,Yearling,2018-10-23T00:00:30.403,2,False
847,150,Yearling,2018-10-25T10:00:31.193,2,False
849,8884,Yearling,2018-10-30T22:15:04.643,2,False
852,1169,Yearling,2018-10-31T15:45:02.967,2,False
854,4762,Yearling,2018-11-02T21:30:02.023,2,False
858,4922,Yearling,2018-11-17T14:45:03.977,2,False
859,4927,Yearling,2018-11-17T16:30:03.127,2,False
860,9090,Yearling,2018-11-23T09:45:03.023,2,False
861,9134,Yearling,2018-11-27T13:30:00.920,2,False
865,9201,Yearling,2018-12-01T00:45:05.387,2,False
869,1570,Yearling,2018-12-07T06:15:04.843,2,False
881,5518,Yearling,2019-01-05T14:30:15.070,2,False
888,9614,Yearling,2019-01-09T13:45:11.087,2,False
889,5576,Yearling,2019-01-09T23:45:09.940,2,False
892,16,Yearling,2019-01-12T19:45:13.430,2,False
893,20,Yearling,2019-01-12T19:45:13.430,2,False
894,26,Yearling,2019-01-12T19:45:13.430,2,False
895,37,Yearling,2019-01-12T19:45:13.430,2,False
896,40,Yearling,2019-01-12T19:45:13.430,2,False
897,43,Yearling,2019-01-12T19:45:13.430,2,False
898,47,Yearling,2019-01-12T19:45:13.430,2,False
899,53,Yearling,2019-01-12T19:45:13.430,2,False
900,56,Yearling,2019-01-12T20:15:12.973,2,False
901,61,Yearling,2019-01-12T20:15:12.973,2,False
902,62,Yearling,2019-01-12T20:15:12.973,2,False
903,66,Yearling,2019-01-12T22:00:02.777,2,False
904,75,Yearling,2019-01-12T22:00:02.777,2,False
905,91,Yearling,2019-01-12T22:00:02.777,2,False
906,98,Yearling,2019-01-12T22:00:02.777,2,False
907,115,Yearling,2019-01-12T23:00:01.050,2,False
908,131,Yearling,2019-01-13T00:00:28.087,2,False
909,168,Yearling,2019-01-13T08:00:00.250,2,False
910,170,Yearling,2019-01-13T08:30:05.333,2,False
911,204,Yearling,2019-01-13T18:00:21.827,2,False
914,233,Yearling,2019-01-14T14:30:10.147,2,False
918,5704,Yearling,2019-01-19T16:30:20.020,2,False
919,298,Yearling,2019-01-20T16:30:26.877,2,False
920,5740,Yearling,2019-01-23T12:15:07.953,2,False
922,9730,Yearling,2019-01-24T10:30:21.477,2,False
934,167,Yearling,2019-02-13T15:45:18.077,2,False
937,9988,Yearling,2019-02-19T15:15:05.657,2,False
939,9575,Yearling,2019-02-25T17:15:12.250,2,False
942,854,Yearling,2019-03-07T02:30:05.417,2,False
946,6417,Yearling,2019-03-16T06:45:04.587,2,False
949,1211,Yearling,2019-03-31T05:30:02.963,2,False
955,6851,Yearling,2019-04-21T19:00:31.900,2,False
956,6853,Yearling,2019-04-22T03:01:44.887,2,False
961,10684,Yearling,2019-05-03T21:15:17.403,2,False
965,102,Yearling,2019-05-20T14:15:08.487,2,False
975,2082,Yearling,2019-06-09T19:15:12.207,2,False
979,11097,Yearling,2019-06-14T20:30:14.820,2,False
980,2146,Yearling,2019-06-15T12:15:09.770,2,False
982,1722,Yearling,2019-06-19T15:00:50.010,2,False
987,11157,Yearling,2019-06-22T05:15:01.683,2,False
993,11242,Yearling,2019-07-03T22:45:04.847,2,False
996,2463,Yearling,2019-07-08T23:00:16.530,2,False
1003,12377,Yearling,2019-07-18T23:00:06.683,2,False
1012,12559,Yearling,2019-08-06T21:00:23.567,2,False
1013,12562,Yearling,2019-08-07T03:00:09.347,2,False
1017,3839,Yearling,2019-08-10T13:15:03.047,2,False
1021,10131,Yearling,2019-08-16T23:15:04.247,2,False
1023,3953,Yearling,2019-08-21T08:30:04.507,2,False
1027,12857,Yearling,2019-09-05T19:15:07.213,2,False
1028,12917,Yearling,2019-09-12T00:30:00.097,2,False
1029,12934,Yearling,2019-09-13T12:00:26.577,2,False
1031,106,Yearling,2019-09-17T15:00:31.347,2,False
1034,13100,Yearling,2019-10-01T12:15:05.263,2,False
1035,4454,Yearling,2019-10-06T00:45:08.757,2,False
1038,4483,Yearling,2019-10-08T02:00:20.210,2,False
1039,13171,Yearling,2019-10-09T09:45:04.280,2,False
1041,612,Yearling,2019-10-19T21:15:05.030,2,False
1057,8884,Yearling,2019-10-30T21:45:05.097,2,False
1059,4762,Yearling,2019-11-02T21:45:11.730,2,False
1060,2338,Yearling,2019-11-07T04:15:09.383,2,False
1064,18,Yearling,2019-11-13T20:47:34.767,2,False
1065,265,Yearling,2019-11-13T20:47:34.767,2,False
1066,150,Yearling,2019-11-13T20:47:34.767,2,False
1067,36,Yearling,2019-11-13T20:47:34.767,2,False
1068,10,Yearling,2019-11-13T20:47:34.767,2,False
1069,2176,Yearling,2019-11-13T20:47:34.767,2,False
1070,2111,Yearling,2019-11-13T20:47:34.767,2,False
1071,1722,Yearling,2019-11-13T20:47:34.767,2,False
1072,1570,Yearling,2019-11-13T20:47:34.767,2,False
1073,787,Yearling,2019-11-13T20:47:34.767,2,False
1074,283,Yearling,2019-11-13T20:47:34.767,2,False
1075,163,Yearling,2019-11-13T20:47:34.767,2,False
1076,65,Yearling,2019-11-13T20:47:34.767,2,False
1077,48,Yearling,2019-11-13T20:47:34.767,2,False
1078,17,Yearling,2019-11-13T20:47:34.767,2,False
1079,11,Yearling,2019-11-13T20:47:34.767,2,False
1080,13327,Yearling,2019-11-13T20:47:34.767,2,False
1082,12615,Yearling,2019-11-13T20:47:34.767,2,False
1083,12378,Yearling,2019-11-13T20:47:34.767,2,False
1084,10093,Yearling,2019-11-13T20:47:34.767,2,False
1085,9084,Yearling,2019-11-13T20:47:34.767,2,False
1086,8283,Yearling,2019-11-13T20:47:34.767,2,False
1087,8264,Yearling,2019-11-13T20:47:34.767,2,False
1088,6352,Yearling,2019-11-13T20:47:34.767,2,False
1089,2172,Yearling,2019-11-13T20:47:34.767,2,False
1090,285,Yearling,2019-11-13T20:47:34.767,2,False
1091,169,Yearling,2019-11-13T20:47:34.767,2,False
1092,143,Yearling,2019-11-13T20:47:34.767,2,False
1093,54,Yearling,2019-11-13T20:47:34.767,2,False
1094,334,Yearling,2019-11-13T20:47:34.767,2,False
1095,1998,Yearling,2019-11-13T20:47:34.767,2,False
1096,11,Yearling,2019-11-13T21:45:12.383,2,False
1097,8877,Yearling,2019-11-13T22:15:16.273,2,False
1098,4922,Yearling,2019-11-17T14:30:03.223,2,False
1099,4927,Yearling,2019-11-17T16:00:27.057,2,False
1101,6996,Yearling,2019-11-19T23:45:03.160,2,False
1107,2338,Yearling,2019-11-20T22:15:08.230,2,False
1110,9134,Yearling,2019-11-27T13:30:03.863,2,False
1111,9201,Yearling,2019-12-01T00:30:14.113,2,False
1115,13700,Yearling,2019-12-05T23:00:31.037,2,False
1117,1397,Yearling,2019-12-13T20:15:05.337,2,False
1119,13813,Yearling,2019-12-14T12:30:18.793,2,False
1120,13829,Yearling,2019-12-15T18:15:08.617,2,False
1123,13883,Yearling,2019-12-19T16:45:00.530,2,False
1125,13891,Yearling,2019-12-20T06:45:17.620,2,False
1130,9575,Yearling,2020-01-05T10:45:14.993,2,False
1131,5518,Yearling,2020-01-05T15:00:32.370,2,False
1135,5576,Yearling,2020-01-10T00:00:31.837,2,False
1136,1570,Yearling,2020-01-11T12:15:18.477,2,False
1137,16,Yearling,2020-01-12T18:45:17.150,2,False
1138,20,Yearling,2020-01-12T18:45:17.150,2,False
1139,26,Yearling,2020-01-12T19:00:34.767,2,False
1140,36,Yearling,2020-01-12T19:15:05.177,2,False
1141,37,Yearling,2020-01-12T19:15:05.177,2,False
1142,40,Yearling,2020-01-12T19:45:07.460,2,False
1143,43,Yearling,2020-01-12T19:45:07.460,2,False
1144,47,Yearling,2020-01-12T19:45:07.460,2,False
1145,53,Yearling,2020-01-12T19:45:07.460,2,False
1146,56,Yearling,2020-01-12T20:00:27.507,2,False
1147,61,Yearling,2020-01-12T20:45:05.437,2,False
1148,62,Yearling,2020-01-12T20:45:05.437,2,False
1149,66,Yearling,2020-01-12T20:45:05.437,2,False
1150,75,Yearling,2020-01-12T20:45:05.437,2,False
1151,98,Yearling,2020-01-12T22:15:11.660,2,False
1152,115,Yearling,2020-01-12T22:45:14.490,2,False
1153,131,Yearling,2020-01-13T00:15:04.210,2,False
1154,168,Yearling,2020-01-13T08:00:29.447,2,False
1155,170,Yearling,2020-01-13T08:30:12.407,2,False
1156,204,Yearling,2020-01-13T18:00:40.667,2,False
1157,233,Yearling,2020-01-14T14:45:09.577,2,False
1161,5704,Yearling,2020-01-19T16:15:11.380,2,False
1162,298,Yearling,2020-01-20T16:00:24.850,2,False
1163,14300,Yearling,2020-01-23T03:15:10.577,2,False
1164,5740,Yearling,2020-01-23T11:30:26.117,2,False
1165,9730,Yearling,2020-01-24T10:45:04.513,2,False
1170,612,Yearling,2020-02-18T02:45:19.520,2,False
1171,9988,Yearling,2020-02-19T15:30:04.533,2,False
1176,854,Yearling,2020-03-07T02:15:02.407,2,False
1178,6417,Yearling,2020-03-16T07:00:36.253,2,False
1180,14957,Yearling,2020-03-27T12:15:18.690,2,False
1185,1211,Yearling,2020-03-31T06:15:04.667,2,False
1188,15159,Yearling,2020-04-15T09:00:05.423,2,False
1194,6851,Yearling,2020-04-21T19:17:15.400,2,False
1195,6853,Yearling,2020-04-22T03:46:10.207,2,False
1198,10684,Yearling,2020-05-03T21:06:50.680,2,False
1200,5475,Yearling,2020-05-06T09:32:40.353,2,False
1203,16467,Yearling,2020-05-15T10:16:50.440,2,False
1205,16523,Yearling,2020-05-21T14:19:15.517,2,False
1206,16621,Yearling,2020-05-30T16:47:15.293,2,False
1207,1998,Yearling,2020-06-02T14:47:10.290,2,False
1210,2082,Yearling,2020-06-09T18:05:15.520,2,False
1211,10422,Yearling,2020-06-11T03:48:25.980,2,False
1212,10422,Yearling,2020-06-11T04:33:00.353,2,False
1213,11097,Yearling,2020-06-14T20:19:10.503,2,False
1214,2146,Yearling,2020-06-15T12:47:05.297,2,False
1219,11157,Yearling,2020-06-22T05:49:15.467,2,False
1221,2338,Yearling,2020-06-30T13:31:55.290,2,False
1224,11242,Yearling,2020-07-03T21:48:20.920,2,False
1227,14562,Yearling,2020-07-14T16:35:20.697,2,False
1229,12377,Yearling,2020-07-18T23:03:35.447,2,False
1231,12559,Yearling,2020-08-06T20:47:45.290,2,False
1232,12562,Yearling,2020-08-07T03:33:20.307,2,False
1235,3953,Yearling,2020-08-21T10:32:55.730,2,False
1240,12857,Yearling,2020-09-05T18:03:00.303,2,False
1241,12917,Yearling,2020-09-11T23:46:25.250,2,False
1242,12934,Yearling,2020-09-13T12:07:45.940,2,False
1252,13100,Yearling,2020-10-01T13:19:30.537,2,False
1253,4454,Yearling,2020-10-06T00:33:35.397,2,False
1254,6479,Yearling,2020-10-07T22:19:15.507,2,False
1255,4483,Yearling,2020-10-08T02:31:25.323,2,False
1256,13171,Yearling,2020-10-09T09:33:25.293,2,False
1259,13841,Yearling,2020-10-25T01:04:45.583,2,False
1260,13327,Yearling,2020-10-29T07:34:30.490,2,False
1262,8884,Yearling,2020-10-30T21:47:30.313,2,False
1263,4762,Yearling,2020-11-02T22:04:35.497,2,False
1266,19120,Yearling,2020-11-11T07:17:55.317,2,False
1268,4922,Yearling,2020-11-17T14:06:26.923,2,False
1269,4927,Yearling,2020-11-17T16:03:05.347,2,False
1271,9134,Yearling,2020-11-27T13:18:25.407,2,False
1273,13700,Yearling,2020-12-05T23:05:45.597,2,False
1274,13813,Yearling,2020-12-14T12:17:50.310,2,False
1275,13829,Yearling,2020-12-15T18:46:10.247,2,False
1280,13883,Yearling,2020-12-19T16:48:50.423,2,False
1287,9575,Yearling,2021-01-05T11:15:00.207,2,False
1288,5518,Yearling,2021-01-05T14:30:20.273,2,False
1295,16,Yearling,2021-01-12T18:47:05.630,2,False
1296,20,Yearling,2021-01-12T18:47:05.630,2,False
1297,26,Yearling,2021-01-12T19:07:40.740,2,False
1298,37,Yearling,2021-01-12T19:30:30.703,2,False
1299,40,Yearling,2021-01-12T19:30:30.703,2,False
1300,43,Yearling,2021-01-12T19:30:30.703,2,False
1301,47,Yearling,2021-01-12T22:07:56.197,2,False
1302,53,Yearling,2021-01-12T22:07:56.197,2,False
1303,56,Yearling,2021-01-12T22:07:56.197,2,False
1304,61,Yearling,2021-01-12T22:07:56.197,2,False
1305,66,Yearling,2021-01-12T22:07:56.197,2,False
1306,75,Yearling,2021-01-12T22:07:56.197,2,False
1307,98,Yearling,2021-01-12T22:07:56.197,2,False
1308,115,Yearling,2021-01-12T22:34:20.420,2,False
1309,131,Yearling,2021-01-13T00:06:40.693,2,False
1310,168,Yearling,2021-01-13T08:45:40.150,2,False
1311,170,Yearling,2021-01-13T08:45:40.150,2,False
1312,204,Yearling,2021-01-13T18:05:05.917,2,False
1313,2755,Yearling,2021-01-14T01:16:00.157,2,False
1314,6090,Yearling,2021-01-14T01:16:00.157,2,False
1315,233,Yearling,2021-01-14T16:19:10.560,2,False
1321,298,Yearling,2021-01-20T16:05:01.073,2,False
1322,3839,Yearling,2021-01-21T07:18:30.337,2,False
1323,4415,Yearling,2021-01-21T22:20:35.560,2,False
1324,13743,Yearling,2021-01-22T06:32:06.547,2,False
1325,14300,Yearling,2021-01-23T04:04:00.380,2,False
1326,5740,Yearling,2021-01-23T12:03:30.417,2,False
1330,9730,Yearling,2021-01-24T10:18:40.643,2,False
1333,15075,Yearling,2021-01-25T15:00:35.020,2,False
1336,19914,Yearling,2021-01-25T18:02:40.227,2,False
1337,16902,Yearling,2021-02-01T19:49:05.467,2,False
1347,14562,Yearling,2021-02-17T18:19:05.660,2,False
1348,612,Yearling,2021-02-18T03:05:55.857,2,False
1349,20164,Yearling,2021-02-20T12:04:45.567,2,False
1355,854,Yearling,2021-03-07T02:01:20.247,2,False
1358,6417,Yearling,2021-03-16T06:45:55.187,2,False
1362,7384,Yearling,2021-03-18T22:05:05.670,2,False
1363,188,Yearling,2021-03-20T21:31:30.183,2,False
1364,6376,Yearling,2021-03-21T16:16:10.390,2,False
1366,16811,Yearling,2021-03-26T23:46:40.213,2,False
2366,1211,Yearling,2021-03-31T05:45:50.133,2,False
2368,1690,Yearling,2021-04-04T01:16:40.210,2,False
2369,11255,Yearling,2021-04-05T19:31:45.180,2,False
2370,10422,Yearling,2021-04-06T03:32:10.300,2,False
2371,15075,Yearling,2021-04-06T19:18:05.313,2,False
2376,6851,Yearling,2021-04-21T18:31:45.200,2,False
2378,691,Yearling,2021-04-25T05:46:50.210,2,False
2380,10684,Yearling,2021-05-03T21:07:05.637,2,False
2385,16467,Yearling,2021-05-15T11:01:25.147,2,False
2395,16621,Yearling,2021-05-30T17:33:40.373,2,False
2397,2082,Yearling,2021-06-09T18:03:30.337,2,False
2399,11097,Yearling,2021-06-14T20:47:05.457,2,False
2400,2146,Yearling,2021-06-15T12:34:21.373,2,False
2402,48,Yearling,2021-06-18T11:18:35.320,2,False
2404,11157,Yearling,2021-06-22T05:32:15.333,2,False
2406,2338,Yearling,2021-06-30T13:31:25.157,2,False
2407,11242,Yearling,2021-07-03T22:47:10.267,2,False
2409,63,Yearling,2021-07-09T18:30:05.063,2,False
2410,6996,Yearling,2021-07-10T01:34:10.463,2,False
2414,12377,Yearling,2021-07-18T23:04:51.007,2,False
2421,12559,Yearling,2021-08-06T22:05:50.617,2,False
2422,12562,Yearling,2021-08-07T03:32:00.247,2,False
2426,23193,Yearling,2021-08-10T04:32:00.310,2,False
2429,5363,Yearling,2021-08-15T20:05:30.553,2,False
2431,6996,Yearling,2021-08-20T23:03:45.390,2,False
2432,3953,Yearling,2021-08-21T09:33:30.410,2,False
2436,12857,Yearling,2021-09-05T19:16:30.227,2,False
2445,10321,Yearling,2021-09-30T15:34:25.393,2,False
2449,13100,Yearling,2021-10-01T12:45:50.120,2,False
2452,4454,Yearling,2021-10-06T00:05:35.510,2,False
2454,4483,Yearling,2021-10-08T01:46:10.143,2,False
2455,13171,Yearling,2021-10-09T09:30:20.103,2,False
2458,13327,Yearling,2021-10-29T08:17:25.413,2,False
2459,12956,Yearling,2021-10-30T04:03:55.497,2,False
2460,8884,Yearling,2021-10-30T22:03:35.210,2,False
2462,4762,Yearling,2021-11-02T21:30:00.270,2,False
2464,4922,Yearling,2021-11-17T14:15:45.170,2,False
2465,4927,Yearling,2021-11-17T17:32:25.260,2,False
2466,4897,Yearling,2021-11-21T18:16:41.510,2,False
2469,9134,Yearling,2021-11-27T14:15:40.183,2,False
2477,5576,Yearling,2021-12-14T06:18:05.513,2,False
2478,13829,Yearling,2021-12-15T16:47:40.590,2,False
2480,12956,Yearling,2021-12-18T10:06:55.810,2,False
2481,13883,Yearling,2021-12-19T17:31:05.140,2,False
2483,8008,Yearling,2021-12-25T18:07:20.747,2,False
2484,5518,Yearling,2022-01-05T14:19:35.453,2,False
2485,26170,Yearling,2022-01-06T00:05:50.567,2,False
2487,16,Yearling,2022-01-12T18:47:00.280,2,False
2488,20,Yearling,2022-01-12T18:47:00.280,2,False
2489,26,Yearling,2022-01-12T19:33:40.477,2,False
2490,37,Yearling,2022-01-12T19:33:40.477,2,False
2491,40,Yearling,2022-01-12T19:33:40.477,2,False
2492,43,Yearling,2022-01-12T19:33:40.477,2,False
2493,47,Yearling,2022-01-12T19:33:40.477,2,False
2494,56,Yearling,2022-01-12T20:45:45.177,2,False
2495,61,Yearling,2022-01-12T20:45:45.177,2,False
2496,66,Yearling,2022-01-12T20:45:45.177,2,False
2497,75,Yearling,2022-01-12T20:45:45.177,2,False
2498,98,Yearling,2022-01-12T22:06:10.683,2,False
2499,115,Yearling,2022-01-12T23:06:50.737,2,False
2500,131,Yearling,2022-01-13T00:05:05.750,2,False
2501,168,Yearling,2022-01-13T08:48:25.367,2,False
2502,170,Yearling,2022-01-13T08:48:25.367,2,False
2503,204,Yearling,2022-01-13T18:33:20.373,2,False
2504,233,Yearling,2022-01-14T14:31:45.193,2,False
2506,298,Yearling,2022-01-20T16:08:20.950,2,False
2507,5740,Yearling,2022-01-23T12:32:45.483,2,False
2508,12956,Yearling,2022-01-23T23:47:45.300,2,False
2509,9730,Yearling,2022-01-24T10:46:50.260,2,False
2516,612,Yearling,2022-02-18T02:46:15.163,2,False
2522,854,Yearling,2022-03-07T02:16:15.260,2,False
2524,6417,Yearling,2022-03-16T08:07:35.693,2,False
2526,102,Yearling,2022-03-21T19:35:20.957,2,False
2527,1211,Yearling,2022-03-31T05:32:05.310,2,False
2528,10422,Yearling,2022-04-06T02:46:30.190,2,False
2529,15075,Yearling,2022-04-06T20:30:20.347,2,False
2530,6851,Yearling,2022-04-21T20:30:30.140,2,False
2533,10684,Yearling,2022-05-03T21:48:15.543,2,False
2535,28397,Yearling,2022-05-16T18:33:20.393,2,False
2536,28508,Yearling,2022-05-22T23:34:25.483,2,False
2539,16621,Yearling,2022-05-30T16:32:20.183,2,False
2549,126,Yearling,2022-06-07T19:19:00.687,2,False
2550,2082,Yearling,2022-06-09T18:05:35.517,2,False
2552,2146,Yearling,2022-06-15T12:31:05.417,2,False
2555,11157,Yearling,2022-06-22T06:06:10.597,2,False
2562,29097,Yearling,2022-06-26T14:19:00.590,2,False
2563,2338,Yearling,2022-06-30T13:32:10.350,2,False
2564,11242,Yearling,2022-07-03T22:03:05.303,2,False
2568,12377,Yearling,2022-07-18T23:17:20.257,2,False
2577,30645,Yearling,2022-08-05T19:02:15.600,2,False
2579,12559,Yearling,2022-08-06T20:30:25.113,2,False
2580,12562,Yearling,2022-08-07T03:45:50.143,2,False
2582,1690,Yearling,2022-08-09T07:34:10.387,2,False
2583,23193,Yearling,2022-08-10T04:07:40.730,2,False
2587,3953,Yearling,2022-08-21T08:16:30.233,2,False
2589,4708,Yearling,2022-08-22T13:46:50.170,2,False
2590,4708,Yearling,2022-08-22T14:08:06.150,2,False
2595,12857,Yearling,2022-09-05T18:18:30.790,2,False
2597,31152,Yearling,2022-09-14T00:47:40.430,2,False
2600,12956,Yearling,2022-09-15T13:30:15.063,2,False
2604,13100,Yearling,2022-10-01T13:34:10.520,2,False
2605,9090,Yearling,2022-10-02T11:30:20.140,2,False
2606,4454,Yearling,2022-10-06T00:05:00.733,2,False
2608,13171,Yearling,2022-10-09T10:02:11.007,2,False
2609,60,Yearling,2022-10-14T15:08:06.377,2,False
2617,31762,Yearling,2022-10-28T15:46:55.300,2,False
2618,8884,Yearling,2022-10-31T00:30:35.093,2,False
2619,31811,Yearling,2022-11-01T04:17:45.593,2,False
2620,4762,Yearling,2022-11-02T21:45:40.130,2,False
2627,4922,Yearling,2022-11-17T16:01:35.890,2,False
2628,4927,Yearling,2022-11-17T16:01:35.890,2,False
2630,9134,Yearling,2022-11-27T13:32:10.723,2,False
2633,21979,Yearling,2022-12-14T21:34:20.680,2,False
2636,13883,Yearling,2022-12-19T17:08:01.073,2,False
2641,27865,Yearling,2022-12-25T14:05:50.753,2,False
2646,5518,Yearling,2023-01-05T14:31:55.330,2,False
2647,26170,Yearling,2023-01-05T23:16:20.213,2,False
2648,16,Yearling,2023-01-12T19:04:05.843,2,False
2649,20,Yearling,2023-01-12T19:04:05.843,2,False
2650,26,Yearling,2023-01-12T19:04:05.843,2,False
2651,37,Yearling,2023-01-12T19:32:50.630,2,False
2652,40,Yearling,2023-01-12T19:32:50.630,2,False
2653,43,Yearling,2023-01-12T19:32:50.630,2,False
2654,47,Yearling,2023-01-12T19:32:50.630,2,False
2655,66,Yearling,2023-01-12T20:32:15.423,2,False
2656,75,Yearling,2023-01-12T20:49:20.740,2,False
2657,98,Yearling,2023-01-12T21:46:51.547,2,False
2658,115,Yearling,2023-01-13T00:03:10.520,2,False
2659,131,Yearling,2023-01-13T00:03:10.520,2,False
2660,168,Yearling,2023-01-13T08:31:30.620,2,False
2661,170,Yearling,2023-01-13T08:31:30.620,2,False
2662,204,Yearling,2023-01-13T22:08:25.957,2,False
2663,233,Yearling,2023-01-14T14:19:15.610,2,False
2664,298,Yearling,2023-01-20T17:08:46.437,2,False
2665,5740,Yearling,2023-01-23T11:32:20.317,2,False
2666,9730,Yearling,2023-01-24T10:18:25.937,2,False
2669,33030,Yearling,2023-02-07T19:30:25.403,2,False
2671,612,Yearling,2023-02-18T03:06:35.953,2,False
2672,854,Yearling,2023-03-07T01:46:10.453,2,False
2673,1570,Yearling,2023-03-15T16:34:55.690,2,False
2674,6417,Yearling,2023-03-16T06:46:05.247,2,False
2677,1211,Yearling,2023-03-31T05:18:10.500,2,False
2678,33672,Yearling,2023-03-31T14:00:50.827,2,False
2679,10422,Yearling,2023-04-06T04:31:00.250,2,False
2680,15075,Yearling,2023-04-06T19:32:00.767,2,False
2681,5576,Yearling,2023-04-10T01:16:20.477,2,False
2683,27865,Yearling,2023-04-13T08:45:50.697,2,False
2693,28397,Yearling,2023-05-16T18:32:00.490,2,False
2696,28508,Yearling,2023-05-22T22:47:46.000,2,False
2699,16621,Yearling,2023-05-30T17:06:11.037,2,False
2704,2082,Yearling,2023-06-09T19:07:21.080,2,False
2708,16860,Yearling,2023-06-13T11:06:20.760,2,False
2709,2146,Yearling,2023-06-15T12:17:20.673,2,False
2714,11157,Yearling,2023-06-22T06:06:11.417,2,False
2716,29097,Yearling,2023-06-26T14:02:41.313,2,False
2717,2338,Yearling,2023-06-30T14:01:35.693,2,False
2721,11242,Yearling,2023-07-03T22:20:21.113,2,False
2723,16811,Yearling,2023-07-12T12:03:20.867,2,False
2729,12562,Yearling,2023-08-07T03:06:30.777,2,False
2732,23193,Yearling,2023-08-10T05:34:35.600,2,False
2736,3953,Yearling,2023-08-21T08:31:50.177,2,False
2740,12857,Yearling,2023-09-05T18:30:00.200,2,False
2743,2206,Yearling,2023-09-10T00:17:25.263,2,False
2746,35385,Yearling,2023-09-17T01:48:25.380,2,False
2755,4454,Yearling,2023-10-06T00:09:36.153,2,False
2757,13171,Yearling,2023-10-09T09:47:10.223,2,False
2759,4703,Yearling,2023-10-11T05:45:55.107,2,False
2763,8884,Yearling,2023-10-30T22:01:30.187,2,False
2764,31811,Yearling,2023-11-01T04:33:20.400,2,False
2767,4762,Yearling,2023-11-02T21:30:25.110,2,False
2774,4708,Yearling,2023-11-07T13:06:05.700,2,False
2778,4922,Yearling,2023-11-17T14:07:45.933,2,False
2779,4927,Yearling,2023-11-17T16:48:00.317,2,False
2785,9134,Yearling,2023-11-27T13:34:35.487,2,False
2789,20123,Yearling,2023-12-01T09:49:10.447,2,False
2800,13272,Yearling,2023-12-14T10:06:30.807,2,False
2813,6996,Yearling,2024-01-02T09:48:40.423,2,False
2814,5518,Yearling,2024-01-05T14:20:05.573,2,False
2815,26170,Yearling,2024-01-05T22:48:55.537,2,False
2816,36802,Yearling,2024-01-09T13:00:50.097,2,False
2818,16,Yearling,2024-01-12T19:45:50.180,2,False
2819,20,Yearling,2024-01-12T19:45:50.180,2,False
2820,26,Yearling,2024-01-12T19:45:50.180,2,False
2821,37,Yearling,2024-01-12T19:45:50.180,2,False
2822,40,Yearling,2024-01-12T19:45:50.180,2,False
2823,43,Yearling,2024-01-12T19:45:50.180,2,False
2824,47,Yearling,2024-01-12T19:45:50.180,2,False
2825,75,Yearling,2024-01-12T20:46:50.230,2,False
2826,98,Yearling,2024-01-12T22:30:20.027,2,False
2827,115,Yearling,2024-01-12T22:47:10.253,2,False
2828,168,Yearling,2024-01-13T08:03:35.477,2,False
2829,170,Yearling,2024-01-13T08:33:15.397,2,False
2830,204,Yearling,2024-01-13T18:17:55.350,2,False
2831,233,Yearling,2024-01-14T15:01:40.163,2,False
2835,298,Yearling,2024-01-20T16:32:45.407,2,False
2837,5740,Yearling,2024-01-23T11:32:05.283,2,False
2838,9730,Yearling,2024-01-24T11:03:55.467,2,False
2840,21979,Yearling,2024-01-24T17:04:30.717,2,False
2843,33030,Yearling,2024-02-07T19:02:15.243,2,False
2864,157,Yearling,2024-03-05T10:08:25.943,2,False
2865,2206,Yearling,2024-03-05T13:32:00.303,2,False
2867,1998,Yearling,2024-03-06T11:31:25.150,2,False
2869,854,Yearling,2024-03-07T01:33:55.470,2,False
2873,6417,Yearling,2024-03-16T07:16:40.177,2,False
2880,1211,Yearling,2024-03-31T07:01:25.113,2,False
196,26,Self-Learner,2016-01-20T05:01:45.163,3,False
271,63,Self-Learner,2016-02-15T20:45:22.977,3,False
813,8884,Self-Learner,2018-09-06T12:15:24.277,3,False
826,4762,Self-Learner,2018-09-28T12:45:02.020,3,False
944,5740,Self-Learner,2019-03-08T14:30:14.420,3,False
1248,334,Self-Learner,2020-09-14T19:00:15.153,3,False
508,115,Necromancer,2017-03-17T23:41:43.083,2,False
753,98,Necromancer,2018-07-06T00:18:10.300,2,False
1216,5740,Necromancer,2020-06-17T12:45:55.240,2,False
2408,1211,Necromancer,2021-07-09T11:49:05.360,2,False
2637,13,Necromancer,2022-12-20T12:02:05.250,2,False
204,26,Enlightened,2016-01-21T00:43:06.687,2,False
96,30,Nice Question,2016-01-13T04:25:03.700,3,False
235,26,Nice Question,2016-02-02T09:15:42.377,3,False
265,63,Nice Question,2016-02-15T12:26:07.477,3,False
279,43,Nice Question,2016-03-13T01:08:19.210,3,False
473,334,Nice Question,2017-01-15T19:08:51.340,3,False
772,163,Nice Question,2018-07-31T10:30:40.950,3,False
988,5,Nice Question,2019-06-24T09:45:02.717,3,False
1293,98,Nice Question,2021-01-09T00:04:25.573,3,False
1294,138,Nice Question,2021-01-09T00:04:25.573,3,False
1318,233,Nice Question,2021-01-16T20:32:30.287,3,False
2638,5740,Nice Question,2022-12-20T19:02:11.203,3,False
2448,334,Good Question,2021-10-01T11:30:50.133,2,False
162,1,Nice Answer,2016-01-14T06:35:06.090,3,False
201,26,Nice Answer,2016-01-20T20:04:09.060,3,False
254,47,Nice Answer,2016-02-09T16:00:59.927,3,False
339,138,Nice Answer,2016-06-12T16:25:25.210,3,False
435,61,Nice Answer,2017-01-11T17:54:04.170,3,False
1112,98,Nice Answer,2019-12-01T14:45:18.173,3,False
2703,334,Nice Answer,2023-06-08T01:45:30.070,3,False
2782,4762,Popular Question,2023-11-21T13:49:45.603,3,False
145,138,Commentator,2016-01-13T17:28:43.957,3,False
294,98,Commentator,2016-04-12T18:26:02.213,3,False
297,115,Commentator,2016-04-14T13:07:29.513,3,False
302,26,Commentator,2016-04-28T19:27:46.200,3,False
323,1,Commentator,2016-05-10T14:37:47.427,3,False
424,1211,Commentator,2016-12-23T04:18:20.307,3,False
488,2146,Commentator,2017-02-07T04:07:41.990,3,False
532,4762,Commentator,2017-05-29T04:15:12.870,3,False
551,6417,Commentator,2017-06-18T04:04:53.390,3,False
754,5740,Commentator,2018-07-07T04:05:58.670,3,False
808,11242,Commentator,2018-09-04T04:15:20.997,3,False
809,4927,Commentator,2018-09-05T04:15:23.980,3,False
822,8884,Commentator,2018-09-17T04:15:00.370,3,False
1134,4922,Commentator,2020-01-09T04:15:20.153,3,False
1193,63,Commentator,2020-04-21T04:09:05.957,3,False
2790,36802,Commentator,2023-12-03T12:31:55.180,3,False
2851,2338,Commentator,2024-02-16T04:05:15.573,3,False
231,138,Tumbleweed,2016-02-01T00:40:43.893,3,False
274,98,Tumbleweed,2016-02-28T07:17:20.633,3,False
555,6417,Tumbleweed,2017-06-29T22:07:52.520,3,False
580,776,Tumbleweed,2017-09-01T00:27:04.287,3,False
606,9120,Tumbleweed,2017-12-02T05:00:07.447,3,False
708,10319,Tumbleweed,2018-04-27T11:24:39.887,3,False
735,4762,Tumbleweed,2018-06-20T13:03:11.503,3,False
256,1,Enthusiast,2016-02-10T00:42:30.147,2,False
258,65,Enthusiast,2016-02-10T07:46:59.273,2,False
380,1584,Enthusiast,2016-09-26T00:35:17.443,2,False
403,4762,Enthusiast,2016-12-01T00:14:42.430,2,False
527,6631,Enthusiast,2017-05-10T02:21:46.937,2,False
588,503,Enthusiast,2017-09-26T03:13:39.720,2,False
617,4808,Enthusiast,2017-12-27T08:29:11.183,2,False
620,9310,Enthusiast,2018-01-07T08:57:37.833,2,False
622,1374,Enthusiast,2018-01-09T09:27:00.430,2,False
653,9318,Enthusiast,2018-01-20T04:25:28.653,2,False
660,481,Enthusiast,2018-02-02T01:21:33.913,2,False
667,6258,Enthusiast,2018-02-15T05:00:40.987,2,False
682,10035,Enthusiast,2018-03-26T00:26:14.153,2,False
702,9447,Enthusiast,2018-04-19T16:09:05.487,2,False
773,11242,Enthusiast,2018-08-01T00:30:16.483,2,False
774,9845,Enthusiast,2018-08-01T12:00:39.323,2,False
789,5740,Enthusiast,2018-08-14T21:02:12.007,2,False
850,12917,Enthusiast,2018-10-31T00:15:15.400,2,False
1192,5168,Enthusiast,2020-04-21T00:31:15.187,2,False
1201,14943,Enthusiast,2020-05-10T06:06:30.623,2,False
1265,23870,Enthusiast,2020-11-07T02:31:15.120,2,False
2566,33956,Enthusiast,2022-07-17T02:19:25.503,2,False
2610,35385,Enthusiast,2022-10-16T02:19:25.613,2,False
2611,35382,Enthusiast,2022-10-16T21:31:40.223,2,False
2613,35224,Enthusiast,2022-10-18T14:16:20.147,2,False
363,65,Fanatic,2016-07-06T04:30:56.667,1,False
404,1584,Fanatic,2016-12-05T00:14:17.813,1,False
492,4762,Fanatic,2017-02-09T00:05:22.490,1,False
686,9318,Fanatic,2018-03-31T04:23:18.473,1,False
688,503,Fanatic,2018-03-31T14:06:02.710,1,False
694,6631,Fanatic,2018-04-08T00:56:37.213,1,False
757,481,Fanatic,2018-07-09T00:34:13.550,1,False
828,4808,Fanatic,2018-10-01T09:00:41.690,1,False
837,11242,Fanatic,2018-10-10T01:30:07.367,1,False
853,9310,Fanatic,2018-11-02T06:00:32.127,1,False
932,12917,Fanatic,2019-02-09T00:30:07.750,1,False
962,5740,Fanatic,2019-05-06T04:00:41.730,1,False
1237,5168,Fanatic,2020-08-26T12:32:20.220,1,False
1317,23870,Fanatic,2021-01-16T04:08:46.067,1,False
2373,14943,Fanatic,2021-04-13T07:48:00.370,1,False
2632,33956,Fanatic,2022-12-08T03:49:35.577,1,False
2640,35385,Fanatic,2022-12-25T02:15:15.120,1,False
2642,35224,Fanatic,2022-12-27T15:05:05.630,1,False
845,150,Tag Editor,2018-10-23T13:15:06.897,3,False
890,13890,Tag Editor,2019-01-11T23:15:06.420,3,False
1243,4808,Tag Editor,2020-09-13T19:34:00.387,3,False
2540,5456,Tag Editor,2022-06-01T14:01:30.263,3,False
394,4762,Suffrage,2016-11-18T04:14:17.993,3,False
1181,481,Suffrage,2020-03-28T08:15:13.913,3,False
2547,33956,Suffrage,2022-06-05T16:07:45.883,3,False
296,98,Revival,2016-04-14T09:49:59.543,3,False
717,4762,Revival,2018-05-25T12:52:34.037,3,False
738,6853,Revival,2018-06-24T10:43:04.573,3,False
759,138,Revival,2018-07-10T14:46:47.340,3,False
778,4927,Revival,2018-08-08T00:45:29.500,3,False
812,8884,Revival,2018-09-05T18:02:05.233,3,False
970,10684,Revival,2019-06-03T12:30:08.047,3,False
2592,4762,Revival,2022-08-27T22:32:20.243,3,False
2698,4762,Revival,2023-05-30T11:45:45.133,3,False
395,4762,Vox Populi,2016-11-18T05:43:14.440,3,False
1182,481,Vox Populi,2020-03-28T08:45:19.270,3,False
320,115,Synonymizer,2016-05-09T16:26:18.343,3,False
1208,4,Synonymizer,2020-06-05T21:46:45.797,3,False
2569,30940,Synonymizer,2022-07-26T17:08:00.860,3,False
537,4762,Excavator,2017-05-31T09:06:53.347,3,False
714,13,Excavator,2018-05-24T05:32:16.640,3,False
857,5740,Excavator,2018-11-16T10:45:04.090,3,False
83,23,Custodian,2016-01-13T00:29:03.237,3,False
93,148,Custodian,2016-01-13T01:49:39.810,3,False
106,163,Custodian,2016-01-13T07:15:25.577,3,False
133,138,Custodian,2016-01-13T15:16:14.087,3,False
142,61,Custodian,2016-01-13T16:42:49.233,3,False
156,47,Custodian,2016-01-14T00:18:37.740,3,False
158,156,Custodian,2016-01-14T02:51:23.777,3,False
222,334,Custodian,2016-01-28T12:20:38.560,3,False
248,98,Custodian,2016-02-06T17:29:01.687,3,False
529,4762,Custodian,2017-05-18T19:46:46.193,3,False
846,4762,Custodian,2018-10-23T13:15:06.897,3,False
884,5740,Custodian,2019-01-08T12:45:10.553,3,False
891,8884,Custodian,2019-01-11T23:15:06.420,3,False
1233,4922,Custodian,2020-08-07T15:47:50.270,3,False
1244,2082,Custodian,2020-09-13T19:34:00.387,3,False
360,98,Curious,2016-07-04T04:29:06.057,3,False
392,26,Curious,2016-11-17T00:24:37.670,3,False
545,4762,Curious,2017-06-08T04:48:05.073,3,False
766,6417,Curious,2018-07-27T03:45:09.527,3,False
868,5740,Curious,2018-12-07T01:45:00.867,3,False
957,8884,Curious,2019-04-26T02:15:02.363,3,False
1246,2082,Curious,2020-09-14T06:32:00.217,3,False
2855,2338,Curious,2024-02-22T00:19:00.500,3,False
1329,4762,Inquisitive,2021-01-24T08:46:25.117,2,False
536,4762,Explainer,2017-05-30T05:21:18.937,3,False
2543,5740,Explainer,2022-06-04T08:30:05.130,3,False
2593,4762,discussion,2022-08-28T04:01:14.040,3,True
