_Id,_PostId,_VoteTypeId,_CreationDate
1,1,2,2016-01-12T00:00:00.000
3,1,2,2016-01-12T00:00:00.000
5,1,2,2016-01-12T00:00:00.000
7,1,2,2016-01-12T00:00:00.000
30,1,2,2016-01-12T00:00:00.000
34,1,2,2016-01-12T00:00:00.000
53,1,2,2016-01-12T00:00:00.000
74,1,2,2016-01-13T00:00:00.000
81,1,2,2016-01-13T00:00:00.000
87,1,2,2016-01-13T00:00:00.000
104,1,2,2016-01-13T00:00:00.000
129,1,2,2016-01-13T00:00:00.000
219,1,2,2016-01-14T00:00:00.000
250,1,2,2016-01-15T00:00:00.000
281,1,2,2016-01-18T00:00:00.000
302,1,2,2016-01-23T00:00:00.000
315,1,2,2016-01-25T00:00:00.000
318,1,2,2016-01-26T00:00:00.000
537,1,2,2016-06-12T00:00:00.000
1010,1,2,2018-08-15T00:00:00.000
1256,1,2,2019-05-06T00:00:00.000
2053,1,2,2023-04-10T00:00:00.000
2,2,2,2016-01-12T00:00:00.000
66,2,2,2016-01-13T00:00:00.000
16,3,2,2016-01-12T00:00:00.000
648,3,2,2016-11-21T00:00:00.000
4,4,2,2016-01-12T00:00:00.000
15,4,2,2016-01-12T00:00:00.000
67,4,2,2016-01-13T00:00:00.000
1179,4,2,2019-01-08T00:00:00.000
6,5,2,2016-01-12T00:00:00.000
13,5,2,2016-01-12T00:00:00.000
19,5,2,2016-01-12T00:00:00.000
36,5,2,2016-01-12T00:00:00.000
40,5,2,2016-01-12T00:00:00.000
52,5,2,2016-01-12T00:00:00.000
79,5,2,2016-01-13T00:00:00.000
86,5,2,2016-01-13T00:00:00.000
170,5,2,2016-01-13T00:00:00.000
20,6,2,2016-01-12T00:00:00.000
35,6,2,2016-01-12T00:00:00.000
61,6,2,2016-01-12T00:00:00.000
115,6,2,2016-01-13T00:00:00.000
145,6,3,2016-01-13T00:00:00.000
226,6,2,2016-01-14T00:00:00.000
233,6,2,2016-01-15T00:00:00.000
21,7,2,2016-01-12T00:00:00.000
26,7,2,2016-01-12T00:00:00.000
31,7,2,2016-01-12T00:00:00.000
160,7,2,2016-01-13T00:00:00.000
1943,7,2,2022-06-07T00:00:00.000
11,8,2,2016-01-12T00:00:00.000
18,8,2,2016-01-12T00:00:00.000
23,8,2,2016-01-12T00:00:00.000
77,8,2,2016-01-13T00:00:00.000
209,8,2,2016-01-14T00:00:00.000
246,8,2,2016-01-15T00:00:00.000
289,8,2,2016-01-20T00:00:00.000
698,8,2,2016-12-20T00:00:00.000
10,9,2,2016-01-12T00:00:00.000
17,9,2,2016-01-12T00:00:00.000
22,9,2,2016-01-12T00:00:00.000
37,9,2,2016-01-12T00:00:00.000
38,9,1,2016-01-12T00:00:00.000
47,9,2,2016-01-12T00:00:00.000
156,9,2,2016-01-13T00:00:00.000
176,9,2,2016-01-13T00:00:00.000
208,9,2,2016-01-14T00:00:00.000
247,9,2,2016-01-15T00:00:00.000
290,9,2,2016-01-20T00:00:00.000
14,10,2,2016-01-12T00:00:00.000
45,10,3,2016-01-12T00:00:00.000
84,10,10,2016-01-13T00:00:00.000
12,11,2,2016-01-12T00:00:00.000
25,11,2,2016-01-12T00:00:00.000
27,11,2,2016-01-12T00:00:00.000
48,11,2,2016-01-12T00:00:00.000
56,11,2,2016-01-12T00:00:00.000
57,11,2,2016-01-12T00:00:00.000
83,11,2,2016-01-13T00:00:00.000
91,11,2,2016-01-13T00:00:00.000
128,11,3,2016-01-13T00:00:00.000
187,11,3,2016-01-13T00:00:00.000
214,11,2,2016-01-14T00:00:00.000
235,11,2,2016-01-15T00:00:00.000
382,11,2,2016-02-08T00:00:00.000
399,11,2,2016-02-15T00:00:00.000
24,12,2,2016-01-12T00:00:00.000
263,12,2,2016-01-16T00:00:00.000
271,12,2,2016-01-17T00:00:00.000
539,12,2,2016-06-12T00:00:00.000
707,12,2,2016-12-24T00:00:00.000
29,14,2,2016-01-12T00:00:00.000
182,14,2,2016-01-13T00:00:00.000
303,14,2,2016-01-23T00:00:00.000
1012,14,2,2018-08-15T00:00:00.000
32,15,2,2016-01-12T00:00:00.000
33,15,2,2016-01-12T00:00:00.000
130,15,3,2016-01-13T00:00:00.000
151,15,2,2016-01-13T00:00:00.000
1013,15,2,2018-08-15T00:00:00.000
39,16,2,2016-01-12T00:00:00.000
46,16,2,2016-01-12T00:00:00.000
80,16,2,2016-01-13T00:00:00.000
85,16,2,2016-01-13T00:00:00.000
122,16,2,2016-01-13T00:00:00.000
164,16,2,2016-01-13T00:00:00.000
195,16,2,2016-01-14T00:00:00.000
280,16,2,2016-01-18T00:00:00.000
2106,16,2,2023-07-29T00:00:00.000
41,17,2,2016-01-12T00:00:00.000
44,17,2,2016-01-12T00:00:00.000
893,18,2,2018-07-04T00:00:00.000
42,19,2,2016-01-12T00:00:00.000
58,19,3,2016-01-12T00:00:00.000
71,19,2,2016-01-13T00:00:00.000
76,19,2,2016-01-13T00:00:00.000
90,19,2,2016-01-13T00:00:00.000
96,20,3,2016-01-13T00:00:00.000
102,20,3,2016-01-13T00:00:00.000
352,20,3,2016-01-31T00:00:00.000
385,20,3,2016-02-09T00:00:00.000
832,20,3,2018-05-16T00:00:00.000
49,21,2,2016-01-12T00:00:00.000
50,21,2,2016-01-12T00:00:00.000
60,21,2,2016-01-12T00:00:00.000
73,21,2,2016-01-13T00:00:00.000
140,21,2,2016-01-13T00:00:00.000
157,21,2,2016-01-13T00:00:00.000
248,21,2,2016-01-15T00:00:00.000
1085,21,2,2018-09-21T00:00:00.000
62,22,1,2016-01-13T00:00:00.000
63,22,2,2016-01-13T00:00:00.000
64,22,2,2016-01-13T00:00:00.000
78,22,2,2016-01-13T00:00:00.000
161,22,2,2016-01-13T00:00:00.000
51,23,2,2016-01-12T00:00:00.000
59,23,2,2016-01-12T00:00:00.000
72,23,2,2016-01-13T00:00:00.000
124,23,2,2016-01-13T00:00:00.000
131,23,2,2016-01-13T00:00:00.000
141,23,2,2016-01-13T00:00:00.000
158,23,2,2016-01-13T00:00:00.000
171,23,2,2016-01-13T00:00:00.000
175,23,2,2016-01-13T00:00:00.000
213,23,2,2016-01-14T00:00:00.000
217,23,2,2016-01-14T00:00:00.000
249,23,2,2016-01-15T00:00:00.000
262,23,2,2016-01-16T00:00:00.000
1084,23,2,2018-09-21T00:00:00.000
55,24,2,2016-01-12T00:00:00.000
65,24,2,2016-01-13T00:00:00.000
68,24,2,2016-01-13T00:00:00.000
89,24,2,2016-01-13T00:00:00.000
123,25,2,2016-01-13T00:00:00.000
196,25,2,2016-01-14T00:00:00.000
70,26,2,2016-01-13T00:00:00.000
127,26,2,2016-01-13T00:00:00.000
75,27,2,2016-01-13T00:00:00.000
125,27,2,2016-01-13T00:00:00.000
221,27,2,2016-01-14T00:00:00.000
472,27,1,2016-04-30T00:00:00.000
113,28,2,2016-01-13T00:00:00.000
144,28,2,2016-01-13T00:00:00.000
174,28,2,2016-01-13T00:00:00.000
651,28,2,2016-11-21T00:00:00.000
94,29,10,2016-01-13T00:00:00.000
98,30,2,2016-01-13T00:00:00.000
103,30,2,2016-01-13T00:00:00.000
111,30,2,2016-01-13T00:00:00.000
120,30,2,2016-01-13T00:00:00.000
121,30,2,2016-01-13T00:00:00.000
126,30,2,2016-01-13T00:00:00.000
298,30,2,2016-01-21T00:00:00.000
583,30,2,2016-07-04T00:00:00.000
947,30,2,2018-07-31T00:00:00.000
949,30,2,2018-07-31T00:00:00.000
955,30,2,2018-08-01T00:00:00.000
973,30,2,2018-08-04T00:00:00.000
1036,30,2,2018-08-23T00:00:00.000
1434,30,2,2019-12-06T00:00:00.000
1545,30,2,2020-06-09T00:00:00.000
1549,30,2,2020-06-17T00:00:00.000
1559,30,2,2020-07-10T00:00:00.000
2039,30,2,2022-12-21T00:00:00.000
2130,30,2,2023-11-27T00:00:00.000
97,31,2,2016-01-13T00:00:00.000
105,31,2,2016-01-13T00:00:00.000
95,32,2,2016-01-13T00:00:00.000
112,32,2,2016-01-13T00:00:00.000
119,32,2,2016-01-13T00:00:00.000
152,32,2,2016-01-13T00:00:00.000
180,32,2,2016-01-13T00:00:00.000
194,32,2,2016-01-14T00:00:00.000
205,32,2,2016-01-14T00:00:00.000
238,32,2,2016-01-15T00:00:00.000
259,32,2,2016-01-15T00:00:00.000
364,32,2,2016-02-02T00:00:00.000
532,32,2,2016-06-12T00:00:00.000
1257,32,2,2019-05-06T00:00:00.000
1343,32,2,2019-07-07T00:00:00.000
110,33,3,2016-01-13T00:00:00.000
114,33,3,2016-01-13T00:00:00.000
118,33,3,2016-01-13T00:00:00.000
154,33,2,2016-01-13T00:00:00.000
169,33,2,2016-01-13T00:00:00.000
210,33,2,2016-01-14T00:00:00.000
245,33,2,2016-01-15T00:00:00.000
257,33,2,2016-01-15T00:00:00.000
286,33,2,2016-01-20T00:00:00.000
365,33,2,2016-02-02T00:00:00.000
720,33,2,2017-01-11T00:00:00.000
1334,33,2,2019-06-25T00:00:00.000
1747,33,2,2021-01-17T00:00:00.000
99,34,2,2016-01-13T00:00:00.000
108,34,2,2016-01-13T00:00:00.000
155,34,3,2016-01-13T00:00:00.000
168,34,3,2016-01-13T00:00:00.000
241,34,2,2016-01-15T00:00:00.000
258,34,3,2016-01-15T00:00:00.000
427,34,2,2016-03-16T00:00:00.000
100,35,2,2016-01-13T00:00:00.000
109,35,2,2016-01-13T00:00:00.000
117,35,2,2016-01-13T00:00:00.000
132,35,2,2016-01-13T00:00:00.000
134,35,2,2016-01-13T00:00:00.000
153,35,3,2016-01-13T00:00:00.000
165,35,2,2016-01-13T00:00:00.000
166,35,3,2016-01-13T00:00:00.000
173,35,2,2016-01-13T00:00:00.000
178,35,3,2016-01-13T00:00:00.000
179,35,2,2016-01-13T00:00:00.000
206,35,2,2016-01-14T00:00:00.000
239,35,2,2016-01-15T00:00:00.000
265,35,3,2016-01-16T00:00:00.000
425,35,2,2016-03-16T00:00:00.000
533,35,2,2016-06-12T00:00:00.000
718,35,3,2017-01-11T00:00:00.000
106,36,2,2016-01-13T00:00:00.000
107,36,2,2016-01-13T00:00:00.000
139,37,2,2016-01-13T00:00:00.000
138,38,3,2016-01-13T00:00:00.000
211,38,3,2016-01-14T00:00:00.000
136,39,2,2016-01-13T00:00:00.000
143,39,2,2016-01-13T00:00:00.000
135,40,2,2016-01-13T00:00:00.000
147,40,2,2016-01-13T00:00:00.000
652,40,2,2016-11-21T00:00:00.000
133,41,2,2016-01-13T00:00:00.000
150,41,2,2016-01-13T00:00:00.000
162,41,2,2016-01-13T00:00:00.000
181,41,2,2016-01-13T00:00:00.000
197,41,2,2016-01-14T00:00:00.000
251,41,2,2016-01-15T00:00:00.000
277,41,2,2016-01-18T00:00:00.000
301,41,2,2016-01-23T00:00:00.000
317,41,2,2016-01-26T00:00:00.000
538,41,2,2016-06-12T00:00:00.000
1011,41,2,2018-08-15T00:00:00.000
1531,41,2,2020-04-20T00:00:00.000
2054,41,2,2023-04-10T00:00:00.000
137,42,2,2016-01-13T00:00:00.000
148,42,2,2016-01-13T00:00:00.000
227,42,2,2016-01-14T00:00:00.000
650,42,2,2016-11-21T00:00:00.000
1773,42,2,2021-02-02T00:00:00.000
1846,42,2,2021-08-11T00:00:00.000
380,43,2,2016-02-08T00:00:00.000
142,44,3,2016-01-13T00:00:00.000
146,44,3,2016-01-13T00:00:00.000
149,45,2,2016-01-13T00:00:00.000
653,45,2,2016-11-21T00:00:00.000
1161,45,2,2018-12-06T00:00:00.000
184,46,2,2016-01-13T00:00:00.000
163,47,2,2016-01-13T00:00:00.000
167,47,2,2016-01-13T00:00:00.000
172,47,2,2016-01-13T00:00:00.000
177,47,2,2016-01-13T00:00:00.000
207,47,2,2016-01-14T00:00:00.000
240,47,2,2016-01-15T00:00:00.000
363,47,2,2016-02-02T00:00:00.000
534,47,2,2016-06-12T00:00:00.000
716,47,2,2017-01-08T00:00:00.000
717,47,2,2017-01-11T00:00:00.000
1344,47,2,2019-07-07T00:00:00.000
1746,47,2,2021-01-17T00:00:00.000
159,48,2,2016-01-13T00:00:00.000
264,48,2,2016-01-16T00:00:00.000
582,48,2,2016-07-04T00:00:00.000
948,48,2,2018-07-31T00:00:00.000
958,48,2,2018-08-01T00:00:00.000
1001,48,2,2018-08-14T00:00:00.000
1035,48,2,2018-08-23T00:00:00.000
1550,48,2,2020-06-17T00:00:00.000
2040,48,2,2022-12-21T00:00:00.000
185,49,2,2016-01-13T00:00:00.000
189,49,2,2016-01-13T00:00:00.000
200,49,2,2016-01-14T00:00:00.000
220,49,2,2016-01-14T00:00:00.000
230,49,2,2016-01-14T00:00:00.000
254,49,2,2016-01-15T00:00:00.000
270,49,2,2016-01-17T00:00:00.000
272,49,2,2016-01-17T00:00:00.000
942,49,2,2018-07-30T00:00:00.000
188,50,2,2016-01-13T00:00:00.000
201,50,2,2016-01-14T00:00:00.000
204,50,2,2016-01-14T00:00:00.000
224,50,2,2016-01-14T00:00:00.000
183,51,2,2016-01-13T00:00:00.000
222,51,2,2016-01-14T00:00:00.000
186,52,2,2016-01-13T00:00:00.000
231,52,2,2016-01-14T00:00:00.000
273,52,2,2016-01-17T00:00:00.000
293,52,2,2016-01-21T00:00:00.000
307,52,2,2016-01-24T00:00:00.000
320,52,2,2016-01-26T00:00:00.000
468,52,1,2016-04-18T00:00:00.000
945,52,2,2018-07-30T00:00:00.000
1480,52,2,2020-03-05T00:00:00.000
203,53,2,2016-01-14T00:00:00.000
225,53,2,2016-01-14T00:00:00.000
279,53,2,2016-01-18T00:00:00.000
1061,53,2,2018-09-04T00:00:00.000
190,54,3,2016-01-13T00:00:00.000
191,54,3,2016-01-13T00:00:00.000
192,54,3,2016-01-13T00:00:00.000
202,54,2,2016-01-14T00:00:00.000
212,55,3,2016-01-14T00:00:00.000
215,55,2,2016-01-14T00:00:00.000
244,55,2,2016-01-15T00:00:00.000
256,55,2,2016-01-15T00:00:00.000
366,55,2,2016-02-02T00:00:00.000
441,55,2,2016-04-12T00:00:00.000
719,55,2,2017-01-11T00:00:00.000
1333,55,2,2019-06-25T00:00:00.000
216,56,2,2016-01-14T00:00:00.000
218,56,2,2016-01-14T00:00:00.000
223,56,2,2016-01-14T00:00:00.000
229,56,2,2016-01-14T00:00:00.000
237,56,2,2016-01-15T00:00:00.000
255,56,2,2016-01-15T00:00:00.000
297,56,2,2016-01-21T00:00:00.000
300,56,2,2016-01-23T00:00:00.000
384,56,2,2016-02-08T00:00:00.000
387,56,2,2016-02-09T00:00:00.000
389,56,2,2016-02-10T00:00:00.000
398,56,2,2016-02-15T00:00:00.000
401,56,2,2016-02-15T00:00:00.000
414,56,2,2016-02-24T00:00:00.000
449,56,2,2016-04-12T00:00:00.000
228,57,2,2016-01-14T00:00:00.000
274,57,3,2016-01-17T00:00:00.000
285,57,3,2016-01-19T00:00:00.000
232,58,2,2016-01-15T00:00:00.000
234,58,2,2016-01-15T00:00:00.000
762,58,2,2017-05-30T00:00:00.000
252,59,2,2016-01-15T00:00:00.000
253,59,2,2016-01-15T00:00:00.000
808,59,2,2017-11-15T00:00:00.000
1022,59,2,2018-08-18T00:00:00.000
1107,59,2,2018-10-09T00:00:00.000
1253,59,2,2019-05-06T00:00:00.000
2128,59,2,2023-11-27T00:00:00.000
260,60,2,2016-01-15T00:00:00.000
266,61,2,2016-01-16T00:00:00.000
269,61,2,2016-01-16T00:00:00.000
278,61,2,2016-01-18T00:00:00.000
357,61,2,2016-02-01T00:00:00.000
1030,61,3,2018-08-20T00:00:00.000
1109,61,2,2018-10-09T00:00:00.000
2126,61,3,2023-11-27T00:00:00.000
267,62,2,2016-01-16T00:00:00.000
809,62,2,2017-11-15T00:00:00.000
1024,62,2,2018-08-18T00:00:00.000
1026,62,2,2018-08-19T00:00:00.000
1108,62,2,2018-10-09T00:00:00.000
2127,62,2,2023-11-27T00:00:00.000
275,65,2,2016-01-17T00:00:00.000
276,66,2,2016-01-18T00:00:00.000
284,66,2,2016-01-19T00:00:00.000
283,67,2,2016-01-19T00:00:00.000
288,67,2,2016-01-20T00:00:00.000
1089,67,2,2018-10-02T00:00:00.000
1275,67,2,2019-05-29T00:00:00.000
287,68,2,2016-01-20T00:00:00.000
294,68,2,2016-01-21T00:00:00.000
491,68,2,2016-05-04T00:00:00.000
1088,68,2,2018-10-02T00:00:00.000
1269,68,2,2019-05-29T00:00:00.000
291,69,2,2016-01-20T00:00:00.000
314,69,2,2016-01-24T00:00:00.000
435,69,2,2016-03-26T00:00:00.000
292,70,3,2016-01-20T00:00:00.000
313,70,2,2016-01-24T00:00:00.000
295,71,2,2016-01-21T00:00:00.000
296,71,2,2016-01-21T00:00:00.000
299,71,2,2016-01-23T00:00:00.000
436,71,2,2016-03-26T00:00:00.000
308,72,2,2016-01-24T00:00:00.000
312,72,2,2016-01-24T00:00:00.000
437,73,2,2016-03-26T00:00:00.000
309,74,2,2016-01-24T00:00:00.000
319,74,2,2016-01-26T00:00:00.000
321,74,2,2016-01-26T00:00:00.000
323,74,2,2016-01-27T00:00:00.000
325,74,2,2016-01-27T00:00:00.000
327,74,2,2016-01-28T00:00:00.000
350,74,2,2016-01-31T00:00:00.000
360,74,2,2016-02-02T00:00:00.000
376,74,2,2016-02-05T00:00:00.000
422,74,2,2016-03-13T00:00:00.000
775,74,2,2017-06-05T00:00:00.000
1258,74,2,2019-05-06T00:00:00.000
2055,74,2,2023-04-10T00:00:00.000
310,75,2,2016-01-24T00:00:00.000
311,75,2,2016-01-24T00:00:00.000
322,75,2,2016-01-27T00:00:00.000
324,75,2,2016-01-27T00:00:00.000
773,75,3,2017-06-05T00:00:00.000
316,76,3,2016-01-26T00:00:00.000
346,76,2,2016-01-30T00:00:00.000
377,76,2,2016-02-05T00:00:00.000
465,76,2,2016-04-14T00:00:00.000
543,76,2,2016-06-12T00:00:00.000
641,76,2,2016-11-18T00:00:00.000
656,76,2,2016-11-22T00:00:00.000
701,76,2,2016-12-21T00:00:00.000
706,76,2,2016-12-24T00:00:00.000
740,76,2,2017-02-02T00:00:00.000
743,76,2,2017-02-09T00:00:00.000
1818,76,2,2021-07-09T00:00:00.000
326,77,2,2016-01-27T00:00:00.000
359,77,2,2016-02-02T00:00:00.000
419,77,2,2016-03-03T00:00:00.000
540,77,2,2016-06-12T00:00:00.000
646,77,2,2016-11-18T00:00:00.000
344,78,2,2016-01-29T00:00:00.000
362,78,2,2016-02-02T00:00:00.000
774,78,2,2017-06-05T00:00:00.000
329,79,2,2016-01-28T00:00:00.000
335,79,2,2016-01-29T00:00:00.000
354,79,2,2016-02-01T00:00:00.000
328,80,2,2016-01-28T00:00:00.000
358,80,2,2016-02-02T00:00:00.000
654,80,2,2016-11-21T00:00:00.000
330,81,2,2016-01-28T00:00:00.000
338,81,2,2016-01-29T00:00:00.000
345,81,2,2016-01-30T00:00:00.000
331,82,2,2016-01-28T00:00:00.000
332,82,2,2016-01-29T00:00:00.000
333,82,2,2016-01-29T00:00:00.000
334,82,1,2016-01-29T00:00:00.000
336,82,2,2016-01-29T00:00:00.000
355,82,2,2016-02-01T00:00:00.000
341,83,2,2016-01-29T00:00:00.000
343,83,2,2016-01-29T00:00:00.000
347,83,2,2016-01-30T00:00:00.000
754,83,2,2017-05-18T00:00:00.000
337,84,2,2016-01-29T00:00:00.000
339,84,2,2016-01-29T00:00:00.000
340,84,2,2016-01-29T00:00:00.000
342,84,2,2016-01-29T00:00:00.000
348,84,2,2016-01-30T00:00:00.000
391,84,2,2016-02-12T00:00:00.000
411,84,2,2016-02-15T00:00:00.000
418,84,2,2016-02-25T00:00:00.000
353,85,2,2016-02-01T00:00:00.000
349,87,2,2016-01-30T00:00:00.000
356,87,2,2016-02-01T00:00:00.000
434,87,2,2016-03-26T00:00:00.000
755,87,2,2017-05-18T00:00:00.000
565,89,3,2016-06-14T00:00:00.000
629,89,3,2016-11-18T00:00:00.000
1188,89,3,2019-01-14T00:00:00.000
379,90,3,2016-02-07T00:00:00.000
420,90,2,2016-03-03T00:00:00.000
2107,90,2,2023-07-29T00:00:00.000
370,91,2,2016-02-04T00:00:00.000
374,91,2,2016-02-04T00:00:00.000
367,93,2,2016-02-03T00:00:00.000
368,93,2,2016-02-03T00:00:00.000
373,93,2,2016-02-04T00:00:00.000
375,93,2,2016-02-04T00:00:00.000
369,94,2,2016-02-04T00:00:00.000
372,94,2,2016-02-04T00:00:00.000
383,95,2,2016-02-08T00:00:00.000
400,95,2,2016-02-15T00:00:00.000
447,95,2,2016-04-12T00:00:00.000
520,95,2,2016-06-08T00:00:00.000
386,96,2,2016-02-09T00:00:00.000
388,96,2,2016-02-09T00:00:00.000
415,96,2,2016-02-24T00:00:00.000
424,96,3,2016-03-14T00:00:00.000
444,96,3,2016-04-12T00:00:00.000
442,97,3,2016-04-12T00:00:00.000
609,97,2,2016-11-18T00:00:00.000
794,97,2,2017-08-12T00:00:00.000
443,98,2,2016-04-12T00:00:00.000
793,98,3,2017-08-12T00:00:00.000
802,98,2,2017-10-11T00:00:00.000
501,99,2,2016-05-10T00:00:00.000
1111,99,2,2018-10-09T00:00:00.000
937,100,2,2018-07-20T00:00:00.000
390,101,2,2016-02-11T00:00:00.000
393,101,2,2016-02-13T00:00:00.000
553,101,2,2016-06-12T00:00:00.000
645,101,2,2016-11-18T00:00:00.000
392,102,2,2016-02-12T00:00:00.000
394,102,2,2016-02-13T00:00:00.000
412,102,2,2016-02-15T00:00:00.000
413,102,1,2016-02-16T00:00:00.000
554,102,2,2016-06-12T00:00:00.000
417,103,2,2016-02-25T00:00:00.000
631,103,2,2016-11-18T00:00:00.000
395,104,2,2016-02-13T00:00:00.000
396,104,1,2016-02-13T00:00:00.000
1157,104,2,2018-11-15T00:00:00.000
1178,104,2,2019-01-08T00:00:00.000
397,105,2,2016-02-15T00:00:00.000
416,105,2,2016-02-24T00:00:00.000
446,105,3,2016-04-12T00:00:00.000
470,105,10,2016-04-27T00:00:00.000
402,106,2,2016-02-15T00:00:00.000
406,106,2,2016-02-15T00:00:00.000
445,106,2,2016-04-12T00:00:00.000
588,106,2,2016-07-10T00:00:00.000
404,107,2,2016-02-15T00:00:00.000
405,107,1,2016-02-15T00:00:00.000
458,107,2,2016-04-13T00:00:00.000
639,108,3,2016-11-18T00:00:00.000
1130,108,2,2018-10-19T00:00:00.000
421,109,2,2016-03-07T00:00:00.000
423,110,2,2016-03-14T00:00:00.000
448,110,2,2016-04-12T00:00:00.000
428,111,2,2016-03-18T00:00:00.000
644,111,2,2016-11-18T00:00:00.000
1055,111,2,2018-09-04T00:00:00.000
429,112,2,2016-03-18T00:00:00.000
433,112,2,2016-03-24T00:00:00.000
430,113,2,2016-03-20T00:00:00.000
766,113,2,2017-05-30T00:00:00.000
431,114,2,2016-03-23T00:00:00.000
432,114,2,2016-03-23T00:00:00.000
456,114,3,2016-04-12T00:00:00.000
479,114,2,2016-05-03T00:00:00.000
765,114,2,2017-05-30T00:00:00.000
1934,115,2,2022-06-05T00:00:00.000
438,117,2,2016-03-28T00:00:00.000
1047,117,2,2018-09-03T00:00:00.000
460,118,2,2016-04-14T00:00:00.000
643,118,2,2016-11-18T00:00:00.000
461,119,2,2016-04-14T00:00:00.000
439,120,2,2016-04-11T00:00:00.000
440,120,3,2016-04-11T00:00:00.000
455,121,2,2016-04-12T00:00:00.000
462,122,2,2016-04-14T00:00:00.000
450,123,2,2016-04-12T00:00:00.000
647,123,2,2016-11-18T00:00:00.000
451,124,2,2016-04-12T00:00:00.000
454,124,2,2016-04-12T00:00:00.000
709,124,2,2017-01-02T00:00:00.000
453,125,2,2016-04-12T00:00:00.000
710,125,2,2017-01-02T00:00:00.000
457,126,2,2016-04-13T00:00:00.000
464,126,2,2016-04-14T00:00:00.000
530,126,2,2016-06-10T00:00:00.000
658,126,2,2016-11-24T00:00:00.000
903,126,2,2018-07-05T00:00:00.000
459,127,2,2016-04-14T00:00:00.000
467,127,1,2016-04-16T00:00:00.000
916,127,2,2018-07-10T00:00:00.000
1129,127,2,2018-10-19T00:00:00.000
466,128,2,2016-04-14T00:00:00.000
503,128,2,2016-05-11T00:00:00.000
529,128,2,2016-06-10T00:00:00.000
542,128,2,2016-06-12T00:00:00.000
748,128,2,2017-03-17T00:00:00.000
475,129,2,2016-05-03T00:00:00.000
611,129,2,2016-11-18T00:00:00.000
469,131,2,2016-04-27T00:00:00.000
476,131,2,2016-05-03T00:00:00.000
490,131,2,2016-05-04T00:00:00.000
612,131,2,2016-11-18T00:00:00.000
527,132,2,2016-06-10T00:00:00.000
628,132,2,2016-11-18T00:00:00.000
528,133,2,2016-06-10T00:00:00.000
473,134,2,2016-05-03T00:00:00.000
478,134,2,2016-05-03T00:00:00.000
535,134,2,2016-06-12T00:00:00.000
627,134,2,2016-11-18T00:00:00.000
985,134,2,2018-08-07T00:00:00.000
988,134,2,2018-08-07T00:00:00.000
1163,134,2,2018-12-06T00:00:00.000
1168,134,2,2018-12-07T00:00:00.000
1169,134,2,2018-12-13T00:00:00.000
474,135,2,2016-05-03T00:00:00.000
485,135,2,2016-05-04T00:00:00.000
486,135,2,2016-05-04T00:00:00.000
505,135,2,2016-05-12T00:00:00.000
638,135,2,2016-11-18T00:00:00.000
838,135,2,2018-05-24T00:00:00.000
843,135,2,2018-05-25T00:00:00.000
847,135,2,2018-05-31T00:00:00.000
536,136,2,2016-06-12T00:00:00.000
833,136,2,2018-05-24T00:00:00.000
848,136,2,2018-06-01T00:00:00.000
1170,136,2,2018-12-13T00:00:00.000
986,137,2,2018-08-07T00:00:00.000
1236,137,2,2019-04-11T00:00:00.000
482,138,2,2016-05-03T00:00:00.000
487,138,3,2016-05-04T00:00:00.000
610,138,3,2016-11-18T00:00:00.000
483,139,2,2016-05-03T00:00:00.000
882,139,2,2018-06-22T00:00:00.000
484,140,2,2016-05-03T00:00:00.000
881,140,2,2018-06-22T00:00:00.000
488,141,2,2016-05-04T00:00:00.000
555,141,2,2016-06-12T00:00:00.000
637,141,2,2016-11-18T00:00:00.000
1329,141,2,2019-06-24T00:00:00.000
1523,141,2,2020-03-28T00:00:00.000
1952,141,2,2022-06-12T00:00:00.000
492,142,2,2016-05-04T00:00:00.000
556,142,2,2016-06-12T00:00:00.000
495,143,2,2016-05-06T00:00:00.000
1126,143,2,2018-10-18T00:00:00.000
489,144,2,2016-05-04T00:00:00.000
636,145,2,2016-11-18T00:00:00.000
1131,145,2,2018-10-19T00:00:00.000
493,146,2,2016-05-04T00:00:00.000
494,146,2,2016-05-05T00:00:00.000
1132,146,2,2018-10-19T00:00:00.000
496,147,2,2016-05-08T00:00:00.000
557,147,2,2016-06-12T00:00:00.000
635,147,2,2016-11-18T00:00:00.000
992,147,2,2018-08-11T00:00:00.000
1000,147,2,2018-08-13T00:00:00.000
1118,147,2,2018-10-15T00:00:00.000
1914,147,2,2022-06-05T00:00:00.000
497,148,3,2016-05-08T00:00:00.000
712,148,2,2017-01-02T00:00:00.000
996,148,2,2018-08-13T00:00:00.000
999,148,2,2018-08-13T00:00:00.000
1117,148,2,2018-10-15T00:00:00.000
498,149,2,2016-05-08T00:00:00.000
499,149,2,2016-05-09T00:00:00.000
711,149,2,2017-01-02T00:00:00.000
500,150,2,2016-05-09T00:00:00.000
640,150,2,2016-11-18T00:00:00.000
713,150,2,2017-01-03T00:00:00.000
642,151,2,2016-11-18T00:00:00.000
2060,151,2,2023-04-13T00:00:00.000
2070,151,2,2023-04-14T00:00:00.000
502,152,2,2016-05-10T00:00:00.000
504,153,2,2016-05-11T00:00:00.000
506,153,2,2016-05-12T00:00:00.000
541,153,2,2016-06-12T00:00:00.000
659,153,2,2016-11-24T00:00:00.000
1819,153,2,2021-07-09T00:00:00.000
572,154,2,2016-06-30T00:00:00.000
686,154,2,2016-12-14T00:00:00.000
507,155,2,2016-05-12T00:00:00.000
508,155,2,2016-05-13T00:00:00.000
853,155,2,2018-06-06T00:00:00.000
2068,155,2,2023-04-13T00:00:00.000
2069,155,2,2023-04-14T00:00:00.000
509,156,2,2016-05-13T00:00:00.000
523,156,2,2016-06-10T00:00:00.000
613,156,2,2016-11-18T00:00:00.000
510,157,2,2016-05-13T00:00:00.000
514,157,2,2016-05-17T00:00:00.000
521,157,2,2016-06-10T00:00:00.000
614,157,2,2016-11-18T00:00:00.000
511,158,2,2016-05-14T00:00:00.000
512,158,2,2016-05-14T00:00:00.000
522,158,2,2016-06-10T00:00:00.000
615,158,2,2016-11-18T00:00:00.000
516,159,2,2016-06-03T00:00:00.000
518,159,2,2016-06-05T00:00:00.000
526,159,2,2016-06-10T00:00:00.000
531,159,2,2016-06-12T00:00:00.000
546,159,2,2016-06-12T00:00:00.000
626,159,2,2016-11-18T00:00:00.000
1522,159,2,2020-03-28T00:00:00.000
525,160,2,2016-06-10T00:00:00.000
550,160,2,2016-06-12T00:00:00.000
564,160,2,2016-06-14T00:00:00.000
515,161,2,2016-06-03T00:00:00.000
517,161,2,2016-06-03T00:00:00.000
519,161,2,2016-06-05T00:00:00.000
524,161,2,2016-06-10T00:00:00.000
547,161,3,2016-06-12T00:00:00.000
551,161,2,2016-06-12T00:00:00.000
566,161,2,2016-06-20T00:00:00.000
831,161,2,2018-05-16T00:00:00.000
545,162,3,2016-06-12T00:00:00.000
548,162,10,2016-06-12T00:00:00.000
549,163,2,2016-06-12T00:00:00.000
567,163,2,2016-06-20T00:00:00.000
558,164,2,2016-06-13T00:00:00.000
623,164,2,2016-11-18T00:00:00.000
560,165,2,2016-06-13T00:00:00.000
624,165,2,2016-11-18T00:00:00.000
1521,165,2,2020-03-28T00:00:00.000
559,166,2,2016-06-13T00:00:00.000
563,166,1,2016-06-13T00:00:00.000
561,167,2,2016-06-13T00:00:00.000
562,167,1,2016-06-13T00:00:00.000
569,168,2,2016-06-26T00:00:00.000
625,168,2,2016-11-18T00:00:00.000
1050,168,2,2018-09-03T00:00:00.000
1942,168,2,2022-06-07T00:00:00.000
568,169,2,2016-06-24T00:00:00.000
570,169,2,2016-06-26T00:00:00.000
1046,169,2,2018-09-03T00:00:00.000
1049,169,3,2018-09-03T00:00:00.000
571,170,2,2016-06-29T00:00:00.000
622,170,2,2016-11-18T00:00:00.000
574,171,1,2016-06-30T00:00:00.000
575,172,2,2016-07-01T00:00:00.000
578,172,2,2016-07-02T00:00:00.000
618,172,2,2016-11-18T00:00:00.000
1520,172,2,2020-03-28T00:00:00.000
576,173,1,2016-07-01T00:00:00.000
577,173,2,2016-07-02T00:00:00.000
579,174,2,2016-07-03T00:00:00.000
580,174,2,2016-07-04T00:00:00.000
617,174,2,2016-11-18T00:00:00.000
581,175,2,2016-07-04T00:00:00.000
649,175,2,2016-11-21T00:00:00.000
584,176,2,2016-07-05T00:00:00.000
616,176,2,2016-11-18T00:00:00.000
657,176,2,2016-11-24T00:00:00.000
620,177,2,2016-11-18T00:00:00.000
585,178,1,2016-07-05T00:00:00.000
586,178,2,2016-07-05T00:00:00.000
587,178,2,2016-07-05T00:00:00.000
621,178,2,2016-11-18T00:00:00.000
592,179,2,2016-07-19T00:00:00.000
593,179,2,2016-08-11T00:00:00.000
603,179,2,2016-11-03T00:00:00.000
591,180,2,2016-07-14T00:00:00.000
619,180,2,2016-11-18T00:00:00.000
589,181,1,2016-07-14T00:00:00.000
590,181,2,2016-07-14T00:00:00.000
2159,181,2,2024-02-21T00:00:00.000
594,182,2,2016-08-13T00:00:00.000
597,182,2,2016-09-19T00:00:00.000
655,182,2,2016-11-22T00:00:00.000
883,182,2,2018-06-22T00:00:00.000
993,182,2,2018-08-11T00:00:00.000
1367,182,2,2019-07-29T00:00:00.000
1519,182,2,2020-03-28T00:00:00.000
2104,183,2,2023-06-19T00:00:00.000
602,184,2,2016-11-03T00:00:00.000
604,184,2,2016-11-06T00:00:00.000
606,184,2,2016-11-15T00:00:00.000
2103,184,2,2023-06-19T00:00:00.000
595,185,2,2016-08-30T00:00:00.000
596,185,2,2016-09-03T00:00:00.000
608,185,2,2016-11-18T00:00:00.000
1950,185,2,2022-06-12T00:00:00.000
601,186,2,2016-09-30T00:00:00.000
605,186,2,2016-11-15T00:00:00.000
598,187,2,2016-09-22T00:00:00.000
632,187,2,2016-11-18T00:00:00.000
660,187,2,2016-11-24T00:00:00.000
599,188,2,2016-09-22T00:00:00.000
600,188,2,2016-09-23T00:00:00.000
607,189,2,2016-11-16T00:00:00.000
634,189,2,2016-11-18T00:00:00.000
1053,189,2,2018-09-04T00:00:00.000
1518,189,2,2020-03-28T00:00:00.000
700,190,2,2016-12-21T00:00:00.000
909,190,2,2018-07-06T00:00:00.000
1820,190,2,2021-07-09T00:00:00.000
661,191,2,2016-11-24T00:00:00.000
989,191,2,2018-08-08T00:00:00.000
1159,191,2,2018-11-23T00:00:00.000
662,192,2,2016-11-27T00:00:00.000
666,192,2,2016-11-29T00:00:00.000
1924,192,2,2022-06-05T00:00:00.000
663,193,2,2016-11-28T00:00:00.000
664,193,1,2016-11-28T00:00:00.000
665,193,2,2016-11-29T00:00:00.000
690,193,2,2016-12-15T00:00:00.000
691,194,2,2016-12-15T00:00:00.000
1517,194,2,2020-03-28T00:00:00.000
821,195,2,2018-04-14T00:00:00.000
667,196,2,2016-12-05T00:00:00.000
670,196,2,2016-12-06T00:00:00.000
676,196,2,2016-12-10T00:00:00.000
677,196,2,2016-12-10T00:00:00.000
680,196,2,2016-12-12T00:00:00.000
684,196,2,2016-12-14T00:00:00.000
689,196,2,2016-12-15T00:00:00.000
699,196,2,2016-12-20T00:00:00.000
702,196,2,2016-12-22T00:00:00.000
721,196,2,2017-01-15T00:00:00.000
803,196,2,2017-10-13T00:00:00.000
827,196,2,2018-04-29T00:00:00.000
1431,196,2,2019-12-01T00:00:00.000
1433,196,2,2019-12-06T00:00:00.000
1449,196,2,2019-12-16T00:00:00.000
1462,196,2,2020-01-18T00:00:00.000
1481,196,2,2020-03-05T00:00:00.000
1516,196,2,2020-03-28T00:00:00.000
1580,196,2,2020-10-16T00:00:00.000
1584,196,2,2020-12-09T00:00:00.000
1825,196,2,2021-07-10T00:00:00.000
1842,196,2,2021-08-07T00:00:00.000
1844,196,2,2021-08-09T00:00:00.000
1854,196,2,2021-09-29T00:00:00.000
1856,196,2,2021-10-01T00:00:00.000
1857,196,2,2021-10-23T00:00:00.000
1885,196,2,2022-02-24T00:00:00.000
1965,196,2,2022-06-24T00:00:00.000
1968,196,2,2022-07-25T00:00:00.000
2100,196,2,2023-06-08T00:00:00.000
2105,196,2,2023-07-03T00:00:00.000
2129,196,2,2023-11-27T00:00:00.000
668,197,2,2016-12-05T00:00:00.000
672,197,2,2016-12-06T00:00:00.000
674,197,2,2016-12-08T00:00:00.000
682,197,2,2016-12-12T00:00:00.000
683,197,2,2016-12-14T00:00:00.000
695,197,2,2016-12-19T00:00:00.000
728,197,2,2017-01-27T00:00:00.000
781,197,2,2017-06-09T00:00:00.000
828,197,2,2018-04-29T00:00:00.000
669,198,2,2016-12-06T00:00:00.000
671,198,2,2016-12-06T00:00:00.000
673,198,2,2016-12-08T00:00:00.000
678,198,2,2016-12-10T00:00:00.000
681,198,2,2016-12-12T00:00:00.000
685,198,2,2016-12-14T00:00:00.000
687,198,2,2016-12-15T00:00:00.000
722,198,2,2017-01-15T00:00:00.000
804,198,2,2017-10-13T00:00:00.000
1432,198,2,2019-12-01T00:00:00.000
1463,198,2,2020-01-18T00:00:00.000
1581,198,2,2020-10-16T00:00:00.000
1583,198,2,2020-12-09T00:00:00.000
1790,198,2,2021-04-05T00:00:00.000
1826,198,2,2021-07-10T00:00:00.000
1858,198,2,2021-10-23T00:00:00.000
1972,198,2,2022-07-26T00:00:00.000
2037,198,2,2022-12-21T00:00:00.000
679,199,2,2016-12-10T00:00:00.000
688,199,2,2016-12-15T00:00:00.000
697,199,2,2016-12-19T00:00:00.000
805,199,2,2017-10-13T00:00:00.000
1571,199,2,2020-09-14T00:00:00.000
1791,199,2,2021-04-05T00:00:00.000
1827,199,2,2021-07-10T00:00:00.000
1859,199,2,2021-10-23T00:00:00.000
1971,199,2,2022-07-26T00:00:00.000
744,200,2,2017-02-12T00:00:00.000
745,200,1,2017-02-14T00:00:00.000
1176,200,2,2019-01-02T00:00:00.000
703,201,2,2016-12-22T00:00:00.000
1586,201,2,2020-12-09T00:00:00.000
1829,201,2,2021-07-10T00:00:00.000
1861,201,2,2021-10-23T00:00:00.000
829,202,2,2018-05-16T00:00:00.000
1563,202,2,2020-08-20T00:00:00.000
1865,202,2,2021-10-23T00:00:00.000
694,203,2,2016-12-16T00:00:00.000
692,204,2,2016-12-15T00:00:00.000
1725,204,2,2021-01-16T00:00:00.000
1731,204,2,2021-01-17T00:00:00.000
693,205,2,2016-12-15T00:00:00.000
705,205,2,2016-12-22T00:00:00.000
1730,205,2,2021-01-17T00:00:00.000
696,206,2,2016-12-19T00:00:00.000
704,206,2,2016-12-22T00:00:00.000
1572,206,2,2020-09-14T00:00:00.000
1585,206,2,2020-12-09T00:00:00.000
1828,206,2,2021-07-10T00:00:00.000
1855,206,2,2021-09-29T00:00:00.000
1860,206,2,2021-10-23T00:00:00.000
1990,206,2,2022-09-20T00:00:00.000
2038,206,2,2022-12-21T00:00:00.000
2099,206,2,2023-06-08T00:00:00.000
708,207,2,2016-12-25T00:00:00.000
714,207,2,2017-01-04T00:00:00.000
725,210,2,2017-01-25T00:00:00.000
726,210,2,2017-01-25T00:00:00.000
737,210,2,2017-02-02T00:00:00.000
1099,210,2,2018-10-07T00:00:00.000
723,211,2,2017-01-25T00:00:00.000
724,211,1,2017-01-25T00:00:00.000
727,211,2,2017-01-25T00:00:00.000
732,211,2,2017-01-31T00:00:00.000
736,211,2,2017-02-02T00:00:00.000
1100,211,2,2018-10-07T00:00:00.000
729,212,2,2017-01-19T00:00:00.000
730,212,2,2017-01-28T00:00:00.000
731,212,2,2017-01-31T00:00:00.000
810,212,2,2018-01-17T00:00:00.000
846,212,2,2018-05-28T00:00:00.000
733,213,2,2017-01-31T00:00:00.000
734,213,2,2017-02-01T00:00:00.000
938,213,2,2018-07-20T00:00:00.000
1160,213,2,2018-11-29T00:00:00.000
1172,213,2,2018-12-14T00:00:00.000
1289,213,2,2019-06-05T00:00:00.000
1037,214,2,2018-08-23T00:00:00.000
741,215,2,2017-02-06T00:00:00.000
738,216,2,2017-02-02T00:00:00.000
739,216,1,2017-02-02T00:00:00.000
742,216,2,2017-02-06T00:00:00.000
746,216,2,2017-03-06T00:00:00.000
747,217,2,2017-03-14T00:00:00.000
750,217,2,2017-04-09T00:00:00.000
749,219,2,2017-03-20T00:00:00.000
1515,219,2,2020-03-28T00:00:00.000
756,220,2,2017-05-20T00:00:00.000
751,221,2,2017-05-02T00:00:00.000
752,222,2,2017-05-12T00:00:00.000
753,222,15,2017-05-17T00:00:00.000
768,222,2,2017-06-04T00:00:00.000
757,224,2,2017-05-29T00:00:00.000
770,224,2,2017-06-04T00:00:00.000
758,225,2,2017-05-29T00:00:00.000
759,225,1,2017-05-29T00:00:00.000
771,225,2,2017-06-04T00:00:00.000
772,226,2,2017-06-04T00:00:00.000
965,226,2,2018-08-03T00:00:00.000
760,227,2,2017-05-30T00:00:00.000
761,227,1,2017-05-30T00:00:00.000
767,227,2,2017-05-31T00:00:00.000
769,227,2,2017-06-04T00:00:00.000
776,229,2,2017-06-06T00:00:00.000
777,229,1,2017-06-06T00:00:00.000
954,229,2,2018-08-01T00:00:00.000
780,230,2,2017-06-07T00:00:00.000
968,230,2,2018-08-03T00:00:00.000
1246,230,2,2019-05-04T00:00:00.000
1948,230,2,2022-06-08T00:00:00.000
778,231,2,2017-06-06T00:00:00.000
779,231,2,2017-06-07T00:00:00.000
1015,231,1,2018-08-15T00:00:00.000
1247,231,2,2019-05-04T00:00:00.000
967,232,2,2018-08-03T00:00:00.000
1014,232,2,2018-08-15T00:00:00.000
1248,232,2,2019-05-04T00:00:00.000
830,233,2,2018-05-16T00:00:00.000
1866,233,2,2021-10-23T00:00:00.000
822,235,2,2018-04-19T00:00:00.000
783,236,2,2017-06-30T00:00:00.000
784,237,2,2017-06-30T00:00:00.000
787,238,2,2017-07-02T00:00:00.000
1348,238,2,2019-07-14T00:00:00.000
941,239,2,2018-07-26T00:00:00.000
1917,239,2,2022-06-05T00:00:00.000
940,240,2,2018-07-26T00:00:00.000
788,241,2,2017-07-24T00:00:00.000
795,241,3,2017-08-12T00:00:00.000
796,241,2,2017-08-13T00:00:00.000
798,241,2,2017-08-16T00:00:00.000
928,241,2,2018-07-19T00:00:00.000
1514,241,2,2020-03-28T00:00:00.000
1940,241,2,2022-06-06T00:00:00.000
790,242,2,2017-07-25T00:00:00.000
825,242,2,2018-04-19T00:00:00.000
1513,242,2,2020-03-28T00:00:00.000
1949,242,2,2022-06-10T00:00:00.000
789,243,1,2017-07-24T00:00:00.000
791,243,2,2017-07-25T00:00:00.000
826,243,2,2018-04-19T00:00:00.000
792,244,2,2017-08-03T00:00:00.000
879,244,2,2018-06-14T00:00:00.000
797,245,2,2017-08-14T00:00:00.000
799,245,10,2017-08-21T00:00:00.000
811,246,2,2018-02-04T00:00:00.000
850,246,2,2018-06-01T00:00:00.000
1512,246,2,2020-03-28T00:00:00.000
800,247,2,2017-09-08T00:00:00.000
904,247,2,2018-07-05T00:00:00.000
1821,247,2,2021-07-09T00:00:00.000
801,248,2,2017-09-15T00:00:00.000
836,248,2,2018-05-24T00:00:00.000
807,249,2,2017-10-16T00:00:00.000
1511,249,2,2020-03-28T00:00:00.000
1926,249,2,2022-06-05T00:00:00.000
806,250,2,2017-10-16T00:00:00.000
873,252,2,2018-06-13T00:00:00.000
1923,252,2,2022-06-05T00:00:00.000
874,253,2,2018-06-13T00:00:00.000
812,254,2,2018-02-04T00:00:00.000
885,254,2,2018-06-24T00:00:00.000
813,255,2,2018-02-13T00:00:00.000
814,255,2,2018-02-15T00:00:00.000
823,255,2,2018-04-19T00:00:00.000
1095,255,2,2018-10-07T00:00:00.000
1941,255,2,2022-06-06T00:00:00.000
2051,255,2,2023-04-10T00:00:00.000
824,256,2,2018-04-19T00:00:00.000
1096,256,2,2018-10-07T00:00:00.000
1097,257,2,2018-10-07T00:00:00.000
1912,257,2,2022-06-05T00:00:00.000
2058,257,2,2023-04-13T00:00:00.000
815,258,2,2018-03-16T00:00:00.000
816,258,2,2018-03-19T00:00:00.000
1098,258,2,2018-10-07T00:00:00.000
2059,258,2,2023-04-13T00:00:00.000
817,259,2,2018-04-03T00:00:00.000
818,259,2,2018-04-03T00:00:00.000
819,259,2,2018-04-12T00:00:00.000
820,259,2,2018-04-12T00:00:00.000
839,259,2,2018-05-25T00:00:00.000
1938,259,2,2022-06-05T00:00:00.000
871,260,2,2018-06-13T00:00:00.000
1510,260,2,2020-03-28T00:00:00.000
837,261,2,2018-05-24T00:00:00.000
835,262,1,2018-05-24T00:00:00.000
842,262,2,2018-05-25T00:00:00.000
840,263,2,2018-05-25T00:00:00.000
849,263,2,2018-06-01T00:00:00.000
987,263,2,2018-08-07T00:00:00.000
1171,263,2,2018-12-13T00:00:00.000
841,264,2,2018-05-25T00:00:00.000
845,264,2,2018-05-25T00:00:00.000
898,264,2,2018-07-05T00:00:00.000
1008,264,2,2018-08-15T00:00:00.000
1198,264,2,2019-01-23T00:00:00.000
1862,264,2,2021-10-23T00:00:00.000
1946,264,2,2022-06-08T00:00:00.000
2132,264,2,2023-11-27T00:00:00.000
844,265,2,2018-05-25T00:00:00.000
860,265,2,2018-06-07T00:00:00.000
865,265,1,2018-06-07T00:00:00.000
897,265,2,2018-07-05T00:00:00.000
983,265,2,2018-08-07T00:00:00.000
1863,265,2,2021-10-23T00:00:00.000
851,266,2,2018-06-06T00:00:00.000
867,266,2,2018-06-08T00:00:00.000
1910,266,2,2022-06-05T00:00:00.000
852,267,2,2018-06-06T00:00:00.000
854,267,1,2018-06-06T00:00:00.000
866,267,2,2018-06-08T00:00:00.000
1056,267,2,2018-09-04T00:00:00.000
1103,267,2,2018-10-08T00:00:00.000
863,269,2,2018-06-07T00:00:00.000
868,269,2,2018-06-08T00:00:00.000
2066,269,2,2023-04-13T00:00:00.000
2071,269,2,2023-04-14T00:00:00.000
855,270,2,2018-06-06T00:00:00.000
859,270,2,2018-06-07T00:00:00.000
2078,270,2,2023-05-04T00:00:00.000
858,271,3,2018-06-07T00:00:00.000
2108,271,3,2023-07-29T00:00:00.000
861,272,2,2018-06-07T00:00:00.000
862,272,1,2018-06-07T00:00:00.000
2073,272,2,2023-04-19T00:00:00.000
2075,272,2,2023-04-19T00:00:00.000
864,273,2,2018-06-07T00:00:00.000
896,273,2,2018-07-05T00:00:00.000
902,273,2,2018-07-05T00:00:00.000
946,273,2,2018-07-30T00:00:00.000
1196,273,2,2019-01-23T00:00:00.000
1470,273,2,2020-02-07T00:00:00.000
1864,273,2,2021-10-23T00:00:00.000
1931,274,2,2022-06-05T00:00:00.000
869,275,2,2018-06-10T00:00:00.000
870,275,1,2018-06-13T00:00:00.000
886,276,2,2018-06-24T00:00:00.000
892,276,2,2018-07-03T00:00:00.000
917,276,2,2018-07-11T00:00:00.000
1212,276,2,2019-02-06T00:00:00.000
1285,276,2,2019-06-03T00:00:00.000
1471,276,2,2020-02-07T00:00:00.000
1928,276,2,2022-06-05T00:00:00.000
875,277,2,2018-06-13T00:00:00.000
2096,277,2,2023-05-30T00:00:00.000
876,278,2,2018-06-14T00:00:00.000
877,279,2,2018-06-14T00:00:00.000
878,279,1,2018-06-14T00:00:00.000
880,280,2,2018-06-19T00:00:00.000
884,281,2,2018-06-22T00:00:00.000
895,281,2,2018-07-05T00:00:00.000
1936,281,2,2022-06-05T00:00:00.000
1211,282,2,2019-02-04T00:00:00.000
889,283,2,2018-06-26T00:00:00.000
891,283,2,2018-06-27T00:00:00.000
894,283,2,2018-07-05T00:00:00.000
1003,283,2,2018-08-14T00:00:00.000
899,284,2,2018-07-05T00:00:00.000
900,285,2,2018-07-05T00:00:00.000
901,285,2,2018-07-05T00:00:00.000
1044,285,2,2018-09-03T00:00:00.000
1197,285,2,2019-01-23T00:00:00.000
1399,285,2,2019-09-09T00:00:00.000
2131,285,2,2023-11-27T00:00:00.000
905,286,2,2018-07-06T00:00:00.000
906,287,2,2018-07-06T00:00:00.000
907,287,1,2018-07-06T00:00:00.000
913,287,2,2018-07-08T00:00:00.000
912,288,2,2018-07-08T00:00:00.000
961,288,1,2018-08-01T00:00:00.000
927,289,2,2018-07-19T00:00:00.000
908,290,2,2018-07-06T00:00:00.000
910,290,1,2018-07-06T00:00:00.000
2072,290,2,2023-04-14T00:00:00.000
911,291,2,2018-07-07T00:00:00.000
934,292,2,2018-07-19T00:00:00.000
915,293,2,2018-07-10T00:00:00.000
1138,293,2,2018-10-22T00:00:00.000
1339,294,2,2019-07-02T00:00:00.000
918,295,2,2018-07-11T00:00:00.000
1092,295,1,2018-10-04T00:00:00.000
1396,295,2,2019-09-05T00:00:00.000
922,296,2,2018-07-17T00:00:00.000
919,297,2,2018-07-11T00:00:00.000
920,297,2,2018-07-13T00:00:00.000
1556,297,2,2020-06-23T00:00:00.000
1876,297,2,2021-12-10T00:00:00.000
1891,297,2,2022-05-31T00:00:00.000
2043,297,2,2023-01-03T00:00:00.000
921,298,2,2018-07-16T00:00:00.000
924,299,2,2018-07-18T00:00:00.000
923,300,2,2018-07-17T00:00:00.000
933,300,2,2018-07-19T00:00:00.000
925,301,2,2018-07-19T00:00:00.000
926,302,2,2018-07-19T00:00:00.000
960,302,1,2018-08-01T00:00:00.000
929,303,2,2018-07-19T00:00:00.000
981,303,2,2018-08-06T00:00:00.000
1368,303,2,2019-07-31T00:00:00.000
1789,303,2,2021-03-25T00:00:00.000
1962,303,2,2022-06-24T00:00:00.000
2033,303,2,2022-12-20T00:00:00.000
931,304,2,2018-07-19T00:00:00.000
980,304,2,2018-08-06T00:00:00.000
984,304,1,2018-08-07T00:00:00.000
1260,304,11,2019-05-13T00:00:00.000
1951,304,2,2022-06-12T00:00:00.000
2026,304,2,2022-12-20T00:00:00.000
932,305,2,2018-07-19T00:00:00.000
982,305,2,2018-08-06T00:00:00.000
1086,305,2,2018-09-28T00:00:00.000
1376,305,2,2019-08-14T00:00:00.000
2030,305,2,2022-12-20T00:00:00.000
935,306,1,2018-07-19T00:00:00.000
936,306,2,2018-07-20T00:00:00.000
1192,306,2,2019-01-21T00:00:00.000
1400,306,2,2019-09-15T00:00:00.000
1402,306,2,2019-09-20T00:00:00.000
1877,306,2,2021-12-10T00:00:00.000
1892,306,2,2022-05-31T00:00:00.000
2042,306,2,2023-01-03T00:00:00.000
943,307,2,2018-07-30T00:00:00.000
962,307,2,2018-08-01T00:00:00.000
944,308,2,2018-07-30T00:00:00.000
959,308,1,2018-08-01T00:00:00.000
963,308,2,2018-08-01T00:00:00.000
951,309,2,2018-07-31T00:00:00.000
952,309,2,2018-07-31T00:00:00.000
956,309,2,2018-08-01T00:00:00.000
975,309,2,2018-08-04T00:00:00.000
1551,309,2,2020-06-17T00:00:00.000
1553,309,2,2020-06-20T00:00:00.000
953,310,2,2018-07-31T00:00:00.000
957,310,2,2018-08-01T00:00:00.000
974,310,2,2018-08-04T00:00:00.000
1552,310,2,2020-06-17T00:00:00.000
969,311,2,2018-08-03T00:00:00.000
1002,311,2,2018-08-14T00:00:00.000
1087,312,2,2018-09-30T00:00:00.000
1091,312,1,2018-10-04T00:00:00.000
966,313,2,2018-08-03T00:00:00.000
970,313,2,2018-08-03T00:00:00.000
971,314,2,2018-08-03T00:00:00.000
972,314,2,2018-08-04T00:00:00.000
976,314,2,2018-08-04T00:00:00.000
978,314,2,2018-08-05T00:00:00.000
979,314,2,2018-08-06T00:00:00.000
1532,314,2,2020-04-21T00:00:00.000
1935,314,2,2022-06-05T00:00:00.000
1973,314,2,2022-07-26T00:00:00.000
990,315,2,2018-08-08T00:00:00.000
991,315,2,2018-08-09T00:00:00.000
1224,315,2,2019-03-15T00:00:00.000
1345,315,2,2019-07-09T00:00:00.000
1958,315,2,2022-06-22T00:00:00.000
2027,315,2,2022-12-20T00:00:00.000
994,316,2,2018-08-12T00:00:00.000
1119,316,2,2018-10-15T00:00:00.000
1274,316,2,2019-05-29T00:00:00.000
1007,317,2,2018-08-15T00:00:00.000
1016,317,2,2018-08-15T00:00:00.000
1019,317,2,2018-08-17T00:00:00.000
1028,317,2,2018-08-20T00:00:00.000
1018,318,2,2018-08-16T00:00:00.000
1020,318,2,2018-08-17T00:00:00.000
1025,318,1,2018-08-19T00:00:00.000
1027,318,2,2018-08-20T00:00:00.000
1009,319,2,2018-08-15T00:00:00.000
1017,319,2,2018-08-16T00:00:00.000
1021,319,2,2018-08-17T00:00:00.000
1023,319,2,2018-08-18T00:00:00.000
1029,320,2,2018-08-20T00:00:00.000
1033,320,2,2018-08-21T00:00:00.000
2125,320,2,2023-11-27T00:00:00.000
1871,321,2,2021-11-26T00:00:00.000
1031,322,2,2018-08-21T00:00:00.000
1038,322,2,2018-08-24T00:00:00.000
1283,322,2,2019-06-03T00:00:00.000
1034,323,2,2018-08-22T00:00:00.000
1039,324,2,2018-08-24T00:00:00.000
1040,324,2,2018-08-24T00:00:00.000
1255,324,2,2019-05-06T00:00:00.000
1041,326,2,2018-08-25T00:00:00.000
1043,326,10,2018-08-25T00:00:00.000
1042,327,2,2018-08-25T00:00:00.000
1058,327,2,2018-09-04T00:00:00.000
1121,328,2,2018-10-15T00:00:00.000
1335,328,2,2019-06-26T00:00:00.000
1045,329,2,2018-09-03T00:00:00.000
1535,329,2,2020-04-23T00:00:00.000
2003,329,2,2022-10-11T00:00:00.000
1048,330,2,2018-09-03T00:00:00.000
1541,330,2,2020-06-08T00:00:00.000
2002,330,2,2022-10-11T00:00:00.000
1051,331,2,2018-09-03T00:00:00.000
1090,333,1,2018-10-04T00:00:00.000
1093,333,2,2018-10-05T00:00:00.000
1054,335,2,2018-09-04T00:00:00.000
1057,337,2,2018-09-04T00:00:00.000
1254,337,2,2019-05-06T00:00:00.000
1059,338,3,2018-09-04T00:00:00.000
1060,338,2,2018-09-04T00:00:00.000
1064,338,2,2018-09-05T00:00:00.000
1063,339,2,2018-09-05T00:00:00.000
1065,339,2,2018-09-05T00:00:00.000
1074,339,2,2018-09-06T00:00:00.000
1534,339,2,2020-04-21T00:00:00.000
1068,340,2,2018-09-06T00:00:00.000
1162,340,2,2018-12-06T00:00:00.000
1071,341,2,2018-09-06T00:00:00.000
1072,341,2,2018-09-06T00:00:00.000
1076,341,2,2018-09-06T00:00:00.000
1069,342,2,2018-09-06T00:00:00.000
1070,342,2,2018-09-06T00:00:00.000
1073,342,2,2018-09-06T00:00:00.000
1075,342,2,2018-09-06T00:00:00.000
1078,342,1,2018-09-09T00:00:00.000
1080,345,2,2018-09-14T00:00:00.000
1081,345,2,2018-09-14T00:00:00.000
1082,345,2,2018-09-16T00:00:00.000
1083,345,1,2018-09-16T00:00:00.000
1533,345,2,2020-04-21T00:00:00.000
1974,345,2,2022-07-26T00:00:00.000
1094,346,2,2018-10-07T00:00:00.000
1101,346,2,2018-10-08T00:00:00.000
1105,346,2,2018-10-09T00:00:00.000
1110,346,2,2018-10-09T00:00:00.000
1114,346,2,2018-10-11T00:00:00.000
1102,347,2,2018-10-08T00:00:00.000
1104,347,1,2018-10-08T00:00:00.000
1112,347,2,2018-10-09T00:00:00.000
1106,348,2,2018-10-09T00:00:00.000
1113,348,2,2018-10-11T00:00:00.000
1115,349,2,2018-10-15T00:00:00.000
1125,349,2,2018-10-17T00:00:00.000
1305,349,2,2019-06-11T00:00:00.000
1932,349,2,2022-06-05T00:00:00.000
1146,350,16,2018-10-23T00:00:00.000
1145,351,16,2018-10-23T00:00:00.000
1120,352,2,2018-10-15T00:00:00.000
1124,352,2,2018-10-17T00:00:00.000
1273,352,2,2019-05-29T00:00:00.000
1122,353,2,2018-10-15T00:00:00.000
1123,353,2,2018-10-17T00:00:00.000
1128,353,2,2018-10-18T00:00:00.000
1282,353,2,2019-06-03T00:00:00.000
1133,355,2,2018-10-19T00:00:00.000
1135,356,10,2018-10-20T00:00:00.000
1136,357,2,2018-10-22T00:00:00.000
1137,357,2,2018-10-22T00:00:00.000
1509,357,2,2020-03-28T00:00:00.000
1933,357,2,2022-06-05T00:00:00.000
1139,358,2,2018-10-22T00:00:00.000
1140,358,2,2018-10-22T00:00:00.000
1251,359,2,2019-05-06T00:00:00.000
1141,360,2,2018-10-23T00:00:00.000
1144,360,2,2018-10-23T00:00:00.000
1508,360,2,2020-03-28T00:00:00.000
1944,360,2,2022-06-07T00:00:00.000
1142,361,2,2018-10-23T00:00:00.000
1143,361,2,2018-10-23T00:00:00.000
1147,362,2,2018-10-23T00:00:00.000
1183,362,2,2019-01-11T00:00:00.000
1148,363,2,2018-10-23T00:00:00.000
1149,363,2,2018-10-23T00:00:00.000
1150,364,2,2018-10-23T00:00:00.000
1152,365,2,2018-11-03T00:00:00.000
1195,365,2,2019-01-23T00:00:00.000
1153,367,2,2018-11-08T00:00:00.000
1154,367,3,2018-11-08T00:00:00.000
1155,367,2,2018-11-09T00:00:00.000
1250,368,2,2019-05-06T00:00:00.000
1507,368,2,2020-03-28T00:00:00.000
1156,369,2,2018-11-14T00:00:00.000
1158,369,2,2018-11-19T00:00:00.000
1182,369,2,2019-01-11T00:00:00.000
1164,371,2,2018-12-06T00:00:00.000
1165,371,2,2018-12-07T00:00:00.000
1166,372,2,2018-12-07T00:00:00.000
1185,372,3,2019-01-13T00:00:00.000
1330,372,2,2019-06-24T00:00:00.000
1235,373,2,2019-04-11T00:00:00.000
1167,374,2,2018-12-07T00:00:00.000
1173,374,2,2018-12-18T00:00:00.000
1174,374,1,2018-12-30T00:00:00.000
1290,375,2,2019-06-05T00:00:00.000
1216,376,16,2019-02-07T00:00:00.000
1181,377,16,2019-01-11T00:00:00.000
1175,378,2,2019-01-02T00:00:00.000
1177,378,2,2019-01-02T00:00:00.000
1506,378,2,2020-03-28T00:00:00.000
1947,378,2,2022-06-08T00:00:00.000
1189,379,2,2019-01-14T00:00:00.000
1193,379,2,2019-01-23T00:00:00.000
1234,379,2,2019-04-10T00:00:00.000
2062,379,2,2023-04-13T00:00:00.000
1184,380,2,2019-01-13T00:00:00.000
1200,380,2,2019-01-26T00:00:00.000
1203,380,2,2019-02-01T00:00:00.000
1229,380,2,2019-04-04T00:00:00.000
1505,380,2,2020-03-28T00:00:00.000
1945,380,2,2022-06-07T00:00:00.000
1190,381,2,2019-01-14T00:00:00.000
1194,381,2,2019-01-23T00:00:00.000
1199,381,1,2019-01-23T00:00:00.000
1223,381,2,2019-03-08T00:00:00.000
1233,381,2,2019-04-10T00:00:00.000
2061,381,2,2023-04-13T00:00:00.000
1186,382,2,2019-01-14T00:00:00.000
1187,382,2,2019-01-14T00:00:00.000
1191,382,2,2019-01-14T00:00:00.000
1201,382,2,2019-01-26T00:00:00.000
1202,382,2,2019-02-01T00:00:00.000
1230,382,1,2019-04-04T00:00:00.000
1215,383,2,2019-02-06T00:00:00.000
1284,383,2,2019-06-03T00:00:00.000
1397,383,2,2019-09-05T00:00:00.000
1426,383,2,2019-11-20T00:00:00.000
1204,384,2,2019-02-01T00:00:00.000
1205,384,2,2019-02-02T00:00:00.000
1217,384,2,2019-02-15T00:00:00.000
1504,384,2,2020-03-28T00:00:00.000
1206,386,2,2019-02-02T00:00:00.000
1208,386,2,2019-02-03T00:00:00.000
1219,386,2,2019-02-15T00:00:00.000
1209,387,2,2019-02-03T00:00:00.000
1218,387,2,2019-02-15T00:00:00.000
1221,388,2,2019-02-22T00:00:00.000
1231,388,2,2019-04-04T00:00:00.000
1213,389,2,2019-02-06T00:00:00.000
1228,389,2,2019-03-25T00:00:00.000
1503,389,2,2020-03-28T00:00:00.000
1220,390,2,2019-02-21T00:00:00.000
1222,390,2,2019-02-25T00:00:00.000
1227,390,2,2019-03-25T00:00:00.000
1225,391,15,2019-03-25T00:00:00.000
1226,391,10,2019-03-25T00:00:00.000
1232,392,2,2019-04-04T00:00:00.000
1338,392,1,2019-07-02T00:00:00.000
1281,393,2,2019-06-03T00:00:00.000
1788,393,2,2021-03-02T00:00:00.000
2031,393,2,2022-12-20T00:00:00.000
1237,394,2,2019-04-24T00:00:00.000
1249,394,2,2019-05-06T00:00:00.000
1486,394,2,2020-03-28T00:00:00.000
1238,395,2,2019-04-25T00:00:00.000
1240,395,2,2019-04-29T00:00:00.000
1271,395,2,2019-05-29T00:00:00.000
1582,395,2,2020-12-09T00:00:00.000
1587,395,2,2020-12-16T00:00:00.000
1590,395,2,2020-12-18T00:00:00.000
1239,396,2,2019-04-25T00:00:00.000
1241,396,2,2019-04-29T00:00:00.000
1270,396,2,2019-05-29T00:00:00.000
1591,396,2,2020-12-18T00:00:00.000
1833,396,2,2021-07-23T00:00:00.000
1242,397,2,2019-05-03T00:00:00.000
1502,397,2,2020-03-28T00:00:00.000
1243,398,2,2019-05-03T00:00:00.000
1244,398,1,2019-05-03T00:00:00.000
1245,398,2,2019-05-03T00:00:00.000
1288,399,2,2019-06-05T00:00:00.000
1304,399,1,2019-06-11T00:00:00.000
1309,399,2,2019-06-11T00:00:00.000
1280,402,2,2019-06-03T00:00:00.000
2032,402,2,2022-12-20T00:00:00.000
1261,403,2,2019-05-17T00:00:00.000
1262,403,2,2019-05-17T00:00:00.000
1263,403,2,2019-05-17T00:00:00.000
1264,403,2,2019-05-18T00:00:00.000
1265,403,2,2019-05-24T00:00:00.000
1266,403,2,2019-05-27T00:00:00.000
1268,403,2,2019-05-29T00:00:00.000
1272,403,2,2019-05-29T00:00:00.000
1325,403,2,2019-06-20T00:00:00.000
1332,403,2,2019-06-24T00:00:00.000
1501,403,2,2020-03-28T00:00:00.000
1267,404,2,2019-05-28T00:00:00.000
1277,404,2,2019-05-31T00:00:00.000
1279,404,2,2019-06-02T00:00:00.000
1276,405,2,2019-05-30T00:00:00.000
1278,405,2,2019-06-02T00:00:00.000
1286,405,2,2019-06-03T00:00:00.000
1287,405,2,2019-06-05T00:00:00.000
1298,405,2,2019-06-07T00:00:00.000
1301,405,2,2019-06-08T00:00:00.000
1379,405,2,2019-08-22T00:00:00.000
1413,405,2,2019-10-25T00:00:00.000
1291,407,2,2019-06-06T00:00:00.000
1411,407,2,2019-10-07T00:00:00.000
1436,407,2,2019-12-07T00:00:00.000
1500,407,2,2020-03-28T00:00:00.000
1953,407,2,2022-06-12T00:00:00.000
1292,408,2,2019-06-06T00:00:00.000
1331,408,2,2019-06-24T00:00:00.000
1341,408,2,2019-07-02T00:00:00.000
1435,408,2,2019-12-07T00:00:00.000
1293,409,10,2019-06-06T00:00:00.000
1294,410,2,2019-06-06T00:00:00.000
1295,410,2,2019-06-07T00:00:00.000
1296,410,2,2019-06-07T00:00:00.000
1299,410,2,2019-06-08T00:00:00.000
1306,410,2,2019-06-11T00:00:00.000
1409,410,2,2019-10-07T00:00:00.000
1499,410,2,2020-03-28T00:00:00.000
1297,411,2,2019-06-07T00:00:00.000
1300,411,2,2019-06-08T00:00:00.000
1308,411,2,2019-06-11T00:00:00.000
1342,411,2,2019-07-05T00:00:00.000
1410,411,2,2019-10-07T00:00:00.000
1317,412,2,2019-06-19T00:00:00.000
1302,413,2,2019-06-09T00:00:00.000
1312,413,2,2019-06-12T00:00:00.000
1314,413,2,2019-06-15T00:00:00.000
1320,413,2,2019-06-19T00:00:00.000
1328,413,2,2019-06-24T00:00:00.000
1340,413,2,2019-07-02T00:00:00.000
1498,413,2,2020-03-28T00:00:00.000
1937,413,2,2022-06-05T00:00:00.000
1303,414,2,2019-06-09T00:00:00.000
1311,414,2,2019-06-12T00:00:00.000
1313,414,2,2019-06-13T00:00:00.000
1315,414,2,2019-06-15T00:00:00.000
1310,415,2,2019-06-11T00:00:00.000
1316,416,2,2019-06-16T00:00:00.000
1319,416,2,2019-06-19T00:00:00.000
1336,416,2,2019-06-27T00:00:00.000
1318,417,2,2019-06-19T00:00:00.000
1323,418,2,2019-06-20T00:00:00.000
1326,418,2,2019-06-23T00:00:00.000
1406,418,2,2019-10-07T00:00:00.000
1497,418,2,2020-03-28T00:00:00.000
1321,419,2,2019-06-19T00:00:00.000
1322,419,1,2019-06-20T00:00:00.000
1327,419,2,2019-06-23T00:00:00.000
1405,419,2,2019-10-07T00:00:00.000
1337,420,2,2019-07-01T00:00:00.000
1496,420,2,2020-03-28T00:00:00.000
1407,421,2,2019-10-07T00:00:00.000
1495,421,2,2020-03-28T00:00:00.000
1346,422,3,2019-07-13T00:00:00.000
1347,422,2,2019-07-13T00:00:00.000
1366,422,2,2019-07-22T00:00:00.000
1408,422,2,2019-10-07T00:00:00.000
1349,423,2,2019-07-16T00:00:00.000
1350,423,2,2019-07-16T00:00:00.000
1356,423,2,2019-07-18T00:00:00.000
1363,423,2,2019-07-21T00:00:00.000
1364,423,2,2019-07-22T00:00:00.000
1372,423,2,2019-08-14T00:00:00.000
1494,423,2,2020-03-28T00:00:00.000
1351,424,2,2019-07-16T00:00:00.000
1353,424,2,2019-07-17T00:00:00.000
1359,424,2,2019-07-19T00:00:00.000
1362,424,2,2019-07-21T00:00:00.000
1374,424,2,2019-08-14T00:00:00.000
1352,425,2,2019-07-17T00:00:00.000
1355,425,2,2019-07-17T00:00:00.000
1357,425,2,2019-07-18T00:00:00.000
1360,425,2,2019-07-21T00:00:00.000
1375,425,2,2019-08-14T00:00:00.000
1354,426,2,2019-07-17T00:00:00.000
1358,426,2,2019-07-19T00:00:00.000
1361,426,2,2019-07-21T00:00:00.000
1365,426,2,2019-07-22T00:00:00.000
1373,426,2,2019-08-14T00:00:00.000
1370,427,3,2019-08-03T00:00:00.000
1403,427,2,2019-09-29T00:00:00.000
1377,428,2,2019-08-19T00:00:00.000
1378,428,2,2019-08-20T00:00:00.000
1380,428,2,2019-08-28T00:00:00.000
1398,428,2,2019-09-06T00:00:00.000
1493,428,2,2020-03-28T00:00:00.000
2111,428,2,2023-11-01T00:00:00.000
1395,429,2,2019-09-02T00:00:00.000
1401,429,2,2019-09-18T00:00:00.000
1412,429,2,2019-10-25T00:00:00.000
1381,430,2,2019-08-31T00:00:00.000
1382,431,2,2019-08-31T00:00:00.000
1383,432,2,2019-08-31T00:00:00.000
1384,433,2,2019-08-31T00:00:00.000
1385,434,2,2019-08-31T00:00:00.000
1386,435,2,2019-08-31T00:00:00.000
1387,436,2,2019-08-31T00:00:00.000
1388,437,2,2019-08-31T00:00:00.000
1394,438,2,2019-09-02T00:00:00.000
1389,439,2,2019-09-01T00:00:00.000
1390,439,2,2019-09-02T00:00:00.000
1391,440,2,2019-09-02T00:00:00.000
1416,440,2,2019-10-28T00:00:00.000
1392,441,2,2019-09-02T00:00:00.000
1393,441,2,2019-09-02T00:00:00.000
1404,442,1,2019-09-30T00:00:00.000
1417,442,2,2019-10-28T00:00:00.000
1414,443,2,2019-10-25T00:00:00.000
1421,443,2,2019-11-11T00:00:00.000
1491,443,2,2020-03-28T00:00:00.000
1415,444,2,2019-10-25T00:00:00.000
1420,444,2,2019-11-11T00:00:00.000
1418,446,15,2019-11-11T00:00:00.000
1419,446,10,2019-11-11T00:00:00.000
1422,447,2,2019-11-18T00:00:00.000
1490,447,2,2020-03-28T00:00:00.000
1423,448,2,2019-11-18T00:00:00.000
1424,449,2,2019-11-20T00:00:00.000
1429,449,2,2019-11-21T00:00:00.000
1489,449,2,2020-03-28T00:00:00.000
1425,450,2,2019-11-20T00:00:00.000
1428,450,2,2019-11-21T00:00:00.000
1437,450,2,2019-12-09T00:00:00.000
1453,450,2,2019-12-17T00:00:00.000
1427,451,2,2019-11-21T00:00:00.000
1448,451,2,2019-12-15T00:00:00.000
1488,451,2,2020-03-28T00:00:00.000
1579,451,2,2020-09-24T00:00:00.000
1430,452,2,2019-11-22T00:00:00.000
1447,452,2,2019-12-15T00:00:00.000
1578,452,2,2020-09-24T00:00:00.000
1440,453,2,2019-12-11T00:00:00.000
1446,453,2,2019-12-15T00:00:00.000
1492,453,2,2020-03-28T00:00:00.000
1439,454,1,2019-12-10T00:00:00.000
1445,454,2,2019-12-15T00:00:00.000
1451,454,2,2019-12-17T00:00:00.000
1441,455,2,2019-12-11T00:00:00.000
1442,457,2,2019-12-11T00:00:00.000
1450,460,2,2019-12-17T00:00:00.000
1438,461,2,2019-12-09T00:00:00.000
1443,461,2,2019-12-11T00:00:00.000
1444,462,2,2019-12-13T00:00:00.000
1452,464,2,2019-12-17T00:00:00.000
1464,464,2,2020-01-19T00:00:00.000
1457,466,2,2020-01-09T00:00:00.000
1487,466,2,2020-03-28T00:00:00.000
1454,467,2,2020-01-06T00:00:00.000
1459,467,2,2020-01-13T00:00:00.000
1796,467,2,2021-05-07T00:00:00.000
1920,467,2,2022-06-05T00:00:00.000
2004,467,2,2022-10-14T00:00:00.000
1455,468,1,2020-01-07T00:00:00.000
1458,468,2,2020-01-13T00:00:00.000
2005,468,2,2022-10-14T00:00:00.000
1460,469,2,2020-01-13T00:00:00.000
1461,470,2,2020-01-13T00:00:00.000
1465,471,2,2020-01-19T00:00:00.000
1466,472,15,2020-01-20T00:00:00.000
1467,472,2,2020-01-21T00:00:00.000
1473,472,2,2020-02-29T00:00:00.000
1485,472,2,2020-03-28T00:00:00.000
1526,472,2,2020-04-04T00:00:00.000
1562,472,2,2020-08-20T00:00:00.000
1468,473,2,2020-01-29T00:00:00.000
1469,473,1,2020-02-04T00:00:00.000
1477,473,2,2020-03-02T00:00:00.000
1472,474,2,2020-02-29T00:00:00.000
1474,474,2,2020-03-01T00:00:00.000
1479,474,2,2020-03-05T00:00:00.000
1484,474,2,2020-03-28T00:00:00.000
1798,474,2,2021-05-07T00:00:00.000
1925,474,2,2022-06-05T00:00:00.000
1997,474,2,2022-10-10T00:00:00.000
1475,475,2,2020-03-01T00:00:00.000
1476,475,1,2020-03-01T00:00:00.000
1478,475,2,2020-03-05T00:00:00.000
1797,475,2,2021-05-07T00:00:00.000
1996,475,2,2022-10-10T00:00:00.000
1483,476,2,2020-03-11T00:00:00.000
1800,476,2,2021-05-07T00:00:00.000
1482,477,2,2020-03-11T00:00:00.000
1529,477,2,2020-04-15T00:00:00.000
1565,478,3,2020-08-22T00:00:00.000
1799,478,2,2021-05-07T00:00:00.000
1524,479,2,2020-03-30T00:00:00.000
1525,479,1,2020-03-30T00:00:00.000
1528,479,2,2020-04-15T00:00:00.000
1564,479,2,2020-08-22T00:00:00.000
1527,480,2,2020-04-04T00:00:00.000
1802,480,2,2021-05-07T00:00:00.000
1929,480,2,2022-06-05T00:00:00.000
1530,483,2,2020-04-19T00:00:00.000
1543,483,2,2020-06-08T00:00:00.000
1561,483,2,2020-08-03T00:00:00.000
1801,483,2,2021-05-07T00:00:00.000
2001,483,2,2022-10-11T00:00:00.000
1538,484,2,2020-04-23T00:00:00.000
1542,484,2,2020-06-08T00:00:00.000
1554,484,2,2020-06-21T00:00:00.000
1555,484,1,2020-06-21T00:00:00.000
1560,484,2,2020-08-03T00:00:00.000
1999,484,2,2022-10-11T00:00:00.000
1536,485,2,2020-04-23T00:00:00.000
1537,485,1,2020-04-23T00:00:00.000
1540,485,2,2020-06-08T00:00:00.000
1566,488,3,2020-09-02T00:00:00.000
1592,489,2,2020-12-21T00:00:00.000
1539,490,2,2020-06-08T00:00:00.000
1558,490,2,2020-07-02T00:00:00.000
1544,491,1,2020-06-08T00:00:00.000
1546,491,2,2020-06-10T00:00:00.000
1567,492,16,2020-09-13T00:00:00.000
1568,493,16,2020-09-13T00:00:00.000
1569,494,2,2020-09-13T00:00:00.000
1574,494,2,2020-09-18T00:00:00.000
1576,494,2,2020-09-19T00:00:00.000
1588,494,2,2020-12-17T00:00:00.000
1570,495,2,2020-09-14T00:00:00.000
1573,495,2,2020-09-18T00:00:00.000
1575,495,2,2020-09-19T00:00:00.000
1589,495,2,2020-12-17T00:00:00.000
1577,496,2,2020-09-21T00:00:00.000
1594,496,2,2020-12-23T00:00:00.000
1994,497,2,2022-10-06T00:00:00.000
1595,498,2,2020-12-26T00:00:00.000
1597,498,1,2021-01-03T00:00:00.000
1993,498,2,2022-10-06T00:00:00.000
1596,499,10,2021-01-03T00:00:00.000
1598,500,2,2021-01-04T00:00:00.000
1599,500,2,2021-01-04T00:00:00.000
1875,500,2,2021-12-10T00:00:00.000
2144,500,2,2024-01-07T00:00:00.000
1728,501,2,2021-01-16T00:00:00.000
1732,501,2,2021-01-17T00:00:00.000
1729,502,2,2021-01-16T00:00:00.000
1733,502,2,2021-01-17T00:00:00.000
1734,503,2,2021-01-17T00:00:00.000
1735,503,1,2021-01-17T00:00:00.000
1736,503,2,2021-01-17T00:00:00.000
1753,504,2,2021-01-18T00:00:00.000
1960,505,2,2022-06-24T00:00:00.000
1970,505,2,2022-07-25T00:00:00.000
2018,505,2,2022-12-19T00:00:00.000
1969,506,2,2022-07-25T00:00:00.000
2017,506,2,2022-12-19T00:00:00.000
1748,507,2,2021-01-17T00:00:00.000
1927,508,2,2022-06-05T00:00:00.000
1769,509,2,2021-01-28T00:00:00.000
1803,509,2,2021-05-07T00:00:00.000
1758,510,2,2021-01-23T00:00:00.000
1759,510,1,2021-01-23T00:00:00.000
1762,510,2,2021-01-25T00:00:00.000
1768,510,2,2021-01-28T00:00:00.000
1776,511,2,2021-02-03T00:00:00.000
2137,511,2,2023-11-28T00:00:00.000
1774,512,2,2021-02-02T00:00:00.000
1784,512,2,2021-02-18T00:00:00.000
1804,512,2,2021-05-07T00:00:00.000
1781,513,2,2021-02-05T00:00:00.000
1782,513,1,2021-02-05T00:00:00.000
1783,513,2,2021-02-07T00:00:00.000
1786,514,2,2021-02-21T00:00:00.000
1787,514,2,2021-03-02T00:00:00.000
1795,515,2,2021-04-16T00:00:00.000
1984,515,2,2022-08-27T00:00:00.000
2101,515,2,2023-06-19T00:00:00.000
1792,516,2,2021-04-07T00:00:00.000
1793,516,2,2021-04-08T00:00:00.000
1805,516,2,2021-05-07T00:00:00.000
1922,516,2,2022-06-05T00:00:00.000
1794,517,2,2021-04-08T00:00:00.000
1806,517,2,2021-05-09T00:00:00.000
1809,518,2,2021-05-17T00:00:00.000
1808,519,2,2021-05-14T00:00:00.000
1812,519,2,2021-05-19T00:00:00.000
1836,519,2,2021-07-31T00:00:00.000
1845,519,2,2021-08-11T00:00:00.000
1919,519,2,2022-06-05T00:00:00.000
1963,519,2,2022-06-24T00:00:00.000
1807,520,2,2021-05-14T00:00:00.000
1810,520,2,2021-05-19T00:00:00.000
1811,520,2,2021-05-19T00:00:00.000
1813,520,2,2021-05-24T00:00:00.000
1814,520,2,2021-06-17T00:00:00.000
1822,520,2,2021-07-09T00:00:00.000
1837,520,2,2021-07-31T00:00:00.000
1843,520,2,2021-08-08T00:00:00.000
2024,520,2,2022-12-20T00:00:00.000
1815,522,2,2021-06-22T00:00:00.000
1908,522,2,2022-06-05T00:00:00.000
1816,523,2,2021-06-22T00:00:00.000
1817,524,2,2021-07-08T00:00:00.000
1823,524,2,2021-07-10T00:00:00.000
1830,524,2,2021-07-15T00:00:00.000
1832,524,2,2021-07-19T00:00:00.000
1835,524,2,2021-07-31T00:00:00.000
1907,524,2,2022-06-05T00:00:00.000
2035,524,2,2022-12-20T00:00:00.000
1824,525,2,2021-07-10T00:00:00.000
1831,525,2,2021-07-15T00:00:00.000
1834,525,2,2021-07-31T00:00:00.000
2036,525,2,2022-12-20T00:00:00.000
1838,526,2,2021-08-06T00:00:00.000
1841,526,2,2021-08-06T00:00:00.000
1921,526,2,2022-06-05T00:00:00.000
1839,527,10,2021-08-06T00:00:00.000
1840,528,2,2021-08-06T00:00:00.000
1847,528,2,2021-08-17T00:00:00.000
1848,529,2,2021-08-21T00:00:00.000
1939,529,2,2022-06-05T00:00:00.000
1849,530,2,2021-09-28T00:00:00.000
1911,530,2,2022-06-05T00:00:00.000
1851,531,2,2021-09-28T00:00:00.000
1852,531,1,2021-09-28T00:00:00.000
1853,531,2,2021-09-28T00:00:00.000
1883,532,2,2021-12-20T00:00:00.000
1868,533,2,2021-11-21T00:00:00.000
1913,533,2,2022-06-05T00:00:00.000
1869,534,2,2021-11-23T00:00:00.000
1870,534,2,2021-11-25T00:00:00.000
1874,534,2,2021-12-08T00:00:00.000
1878,534,2,2021-12-16T00:00:00.000
1879,534,2,2021-12-16T00:00:00.000
1880,534,2,2021-12-20T00:00:00.000
1886,534,2,2022-03-08T00:00:00.000
1916,534,2,2022-06-05T00:00:00.000
1975,534,2,2022-07-26T00:00:00.000
2034,534,2,2022-12-20T00:00:00.000
1872,535,2,2021-11-26T00:00:00.000
1873,535,2,2021-12-06T00:00:00.000
1881,535,2,2021-12-20T00:00:00.000
1890,535,2,2022-05-31T00:00:00.000
1992,535,1,2022-09-27T00:00:00.000
1884,536,2,2022-01-13T00:00:00.000
1930,536,2,2022-06-05T00:00:00.000
1976,536,2,2022-07-26T00:00:00.000
1888,537,2,2022-05-10T00:00:00.000
1889,537,2,2022-05-28T00:00:00.000
1905,537,2,2022-06-03T00:00:00.000
1915,537,2,2022-06-05T00:00:00.000
1978,537,2,2022-08-04T00:00:00.000
1893,538,16,2022-06-01T00:00:00.000
1895,539,16,2022-06-01T00:00:00.000
1898,540,16,2022-06-01T00:00:00.000
1896,541,16,2022-06-01T00:00:00.000
1897,542,16,2022-06-01T00:00:00.000
1894,543,16,2022-06-01T00:00:00.000
1903,544,16,2022-06-02T00:00:00.000
1902,545,16,2022-06-02T00:00:00.000
1904,546,16,2022-06-02T00:00:00.000
1900,547,16,2022-06-02T00:00:00.000
1901,548,16,2022-06-02T00:00:00.000
1899,549,16,2022-06-02T00:00:00.000
1906,550,2,2022-06-03T00:00:00.000
1954,550,2,2022-06-14T00:00:00.000
1955,552,2,2022-06-17T00:00:00.000
1956,552,1,2022-06-17T00:00:00.000
1957,552,2,2022-06-21T00:00:00.000
1964,552,2,2022-06-24T00:00:00.000
1966,552,2,2022-07-15T00:00:00.000
2023,552,2,2022-12-20T00:00:00.000
1979,553,2,2022-08-04T00:00:00.000
1980,553,1,2022-08-04T00:00:00.000
1981,553,2,2022-08-04T00:00:00.000
1982,553,2,2022-08-05T00:00:00.000
1983,553,2,2022-08-12T00:00:00.000
1985,554,2,2022-09-12T00:00:00.000
1986,554,2,2022-09-15T00:00:00.000
1989,554,2,2022-09-20T00:00:00.000
2022,554,2,2022-12-20T00:00:00.000
2158,554,2,2024-02-21T00:00:00.000
1987,555,2,2022-09-15T00:00:00.000
1988,555,1,2022-09-15T00:00:00.000
1991,555,2,2022-09-22T00:00:00.000
2021,555,2,2022-12-20T00:00:00.000
2157,555,2,2024-02-21T00:00:00.000
2013,556,3,2022-11-17T00:00:00.000
2016,556,2,2022-12-19T00:00:00.000
2118,556,2,2023-11-22T00:00:00.000
2006,557,2,2022-11-07T00:00:00.000
2007,557,2,2022-11-07T00:00:00.000
2117,557,2,2023-11-07T00:00:00.000
2008,558,2,2022-11-14T00:00:00.000
2010,558,2,2022-11-14T00:00:00.000
2012,558,2,2022-11-14T00:00:00.000
2014,558,2,2022-11-17T00:00:00.000
2020,558,2,2022-12-20T00:00:00.000
2009,559,2,2022-11-14T00:00:00.000
2011,559,2,2022-11-14T00:00:00.000
2015,559,2,2022-11-17T00:00:00.000
2019,559,2,2022-12-20T00:00:00.000
2046,561,2,2023-01-26T00:00:00.000
2047,562,2,2023-04-08T00:00:00.000
2049,562,2,2023-04-08T00:00:00.000
2079,562,2,2023-05-04T00:00:00.000
2052,563,2,2023-04-10T00:00:00.000
2048,564,2,2023-04-08T00:00:00.000
2050,564,2,2023-04-08T00:00:00.000
2074,564,2,2023-04-19T00:00:00.000
2085,564,2,2023-05-11T00:00:00.000
2056,565,2,2023-04-13T00:00:00.000
2065,565,2,2023-04-13T00:00:00.000
2064,566,2,2023-04-13T00:00:00.000
2067,566,2,2023-04-13T00:00:00.000
2057,567,2,2023-04-13T00:00:00.000
2063,567,2,2023-04-13T00:00:00.000
2076,568,3,2023-05-03T00:00:00.000
2077,568,2,2023-05-03T00:00:00.000
2080,568,2,2023-05-04T00:00:00.000
2081,569,2,2023-05-06T00:00:00.000
2083,569,2,2023-05-10T00:00:00.000
2084,569,2,2023-05-11T00:00:00.000
2082,570,2,2023-05-10T00:00:00.000
2086,571,2,2023-05-12T00:00:00.000
2087,571,2,2023-05-13T00:00:00.000
2088,571,2,2023-05-13T00:00:00.000
2091,571,2,2023-05-16T00:00:00.000
2097,571,2,2023-06-03T00:00:00.000
2110,571,2,2023-10-03T00:00:00.000
2174,571,2,2024-03-24T00:00:00.000
2090,572,2,2023-05-13T00:00:00.000
2092,572,2,2023-05-16T00:00:00.000
2093,572,2,2023-05-17T00:00:00.000
2094,572,2,2023-05-19T00:00:00.000
2095,574,2,2023-05-24T00:00:00.000
2175,574,2,2024-03-24T00:00:00.000
2154,576,2,2024-02-13T00:00:00.000
2112,578,1,2023-11-01T00:00:00.000
2113,578,2,2023-11-01T00:00:00.000
2114,578,2,2023-11-01T00:00:00.000
2115,578,2,2023-11-03T00:00:00.000
2116,579,2,2023-11-03T00:00:00.000
2120,581,2,2023-11-23T00:00:00.000
2119,583,2,2023-11-23T00:00:00.000
2139,583,2,2023-12-03T00:00:00.000
2122,584,2,2023-11-23T00:00:00.000
2123,584,1,2023-11-23T00:00:00.000
2124,584,2,2023-11-23T00:00:00.000
2138,584,2,2023-12-03T00:00:00.000
2134,586,2,2023-11-27T00:00:00.000
2136,586,2,2023-11-27T00:00:00.000
2133,587,2,2023-11-27T00:00:00.000
2135,587,2,2023-11-27T00:00:00.000
2143,587,2,2023-12-09T00:00:00.000
2140,589,2,2023-12-03T00:00:00.000
2141,590,2,2023-12-06T00:00:00.000
2142,590,2,2023-12-09T00:00:00.000
2145,591,2,2024-01-24T00:00:00.000
2146,592,2,2024-01-24T00:00:00.000
2151,595,2,2024-02-12T00:00:00.000
2170,595,2,2024-03-03T00:00:00.000
2148,596,2,2024-02-11T00:00:00.000
2173,596,2,2024-03-24T00:00:00.000
2176,596,2,2024-03-27T00:00:00.000
2149,598,2,2024-02-11T00:00:00.000
2150,598,2,2024-02-11T00:00:00.000
2153,598,2,2024-02-13T00:00:00.000
2168,598,2,2024-02-27T00:00:00.000
2171,598,2,2024-03-08T00:00:00.000
2147,599,10,2024-02-11T00:00:00.000
2152,600,2,2024-02-12T00:00:00.000
2167,600,2,2024-02-23T00:00:00.000
2166,601,2,2024-02-23T00:00:00.000
2162,602,3,2024-02-22T00:00:00.000
2165,602,3,2024-02-23T00:00:00.000
2155,603,2,2024-02-21T00:00:00.000
2164,603,2,2024-02-23T00:00:00.000
2169,603,2,2024-02-29T00:00:00.000
2172,603,1,2024-03-24T00:00:00.000
2156,604,2,2024-02-21T00:00:00.000
2160,605,3,2024-02-21T00:00:00.000
2161,605,3,2024-02-21T00:00:00.000
2163,605,3,2024-02-23T00:00:00.000
2177,606,2,2024-03-28T00:00:00.000
